summary_path,reference_path
voiceapp\output\summaries_folder\mistral-small_20241221_024011\CJG_01_2023_01_14-summary_1.txt,C:/Users/G/Documents/GitHub/audycje.com.pl/content/audio\CJG_01_2023_01_14.txt
voiceapp\output\summaries_folder\mistral-small_20241221_024011\CJG_01_2023_01_14-summary_2.txt,C:/Users/G/Documents/GitHub/audycje.com.pl/content/audio\CJG_01_2023_01_14.txt
voiceapp\output\summaries_folder\mistral-small_20241221_024011\CJG_01_2023_01_14-summary_3.txt,C:/Users/G/Documents/GitHub/audycje.com.pl/content/audio\CJG_01_2023_01_14.txt
voiceapp\output\summaries_folder\mistral-small_20241221_024011\CJG_01_2023_01_14-summary_4.txt,C:/Users/G/Documents/GitHub/audycje.com.pl/content/audio\CJG_01_2023_01_14.txt
voiceapp\output\summaries_folder\mistral-small_20241221_024011\CJG_01_2023_01_14-summary_5.txt,C:/Users/G/Documents/GitHub/audycje.com.pl/content/audio\CJG_01_2023_01_14.txt
voiceapp\output\summaries_folder\mistral-small_20241221_024011\CJG_02_2023_01_21-summary_1.txt,C:/Users/G/Documents/GitHub/audycje.com.pl/content/audio\CJG_02_2023_01_21.txt
voiceapp\output\summaries_folder\mistral-small_20241221_024011\CJG_02_2023_01_21-summary_2.txt,C:/Users/G/Documents/GitHub/audycje.com.pl/content/audio\CJG_02_2023_01_21.txt
voiceapp\output\summaries_folder\mistral-small_20241221_024011\CJG_02_2023_01_21-summary_3.txt,C:/Users/G/Documents/GitHub/audycje.com.pl/content/audio\CJG_02_2023_01_21.txt
voiceapp\output\summaries_folder\mistral-small_20241221_024011\CJG_02_2023_01_21-summary_4.txt,C:/Users/G/Documents/GitHub/audycje.com.pl/content/audio\CJG_02_2023_01_21.txt
voiceapp\output\summaries_folder\mistral-small_20241221_024011\CJG_02_2023_01_21-summary_5.txt,C:/Users/G/Documents/GitHub/audycje.com.pl/content/audio\CJG_02_2023_01_21.txt
voiceapp\output\summaries_folder\mistral-small_20241221_024011\CJG_03_2023_01_28-summary_1.txt,C:/Users/G/Documents/GitHub/audycje.com.pl/content/audio\CJG_03_2023_01_28.txt
voiceapp\output\summaries_folder\mistral-small_20241221_024011\CJG_03_2023_01_28-summary_2.txt,C:/Users/G/Documents/GitHub/audycje.com.pl/content/audio\CJG_03_2023_01_28.txt
voiceapp\output\summaries_folder\mistral-small_20241221_024011\CJG_03_2023_01_28-summary_3.txt,C:/Users/G/Documents/GitHub/audycje.com.pl/content/audio\CJG_03_2023_01_28.txt
voiceapp\output\summaries_folder\mistral-small_20241221_024011\CJG_03_2023_01_28-summary_4.txt,C:/Users/G/Documents/GitHub/audycje.com.pl/content/audio\CJG_03_2023_01_28.txt
voiceapp\output\summaries_folder\mistral-small_20241221_024011\CJG_03_2023_01_28-summary_5.txt,C:/Users/G/Documents/GitHub/audycje.com.pl/content/audio\CJG_03_2023_01_28.txt
voiceapp\output\summaries_folder\mistral-small_20241221_024011\CJG_04_2023_02_04-summary_1.txt,C:/Users/G/Documents/GitHub/audycje.com.pl/content/audio\CJG_04_2023_02_04.txt
voiceapp\output\summaries_folder\mistral-small_20241221_024011\CJG_04_2023_02_04-summary_2.txt,C:/Users/G/Documents/GitHub/audycje.com.pl/content/audio\CJG_04_2023_02_04.txt
voiceapp\output\summaries_folder\mistral-small_20241221_024011\CJG_04_2023_02_04-summary_3.txt,C:/Users/G/Documents/GitHub/audycje.com.pl/content/audio\CJG_04_2023_02_04.txt
voiceapp\output\summaries_folder\mistral-small_20241221_024011\CJG_04_2023_02_04-summary_4.txt,C:/Users/G/Documents/GitHub/audycje.com.pl/content/audio\CJG_04_2023_02_04.txt
voiceapp\output\summaries_folder\mistral-small_20241221_024011\CJG_04_2023_02_04-summary_5.txt,C:/Users/G/Documents/GitHub/audycje.com.pl/content/audio\CJG_04_2023_02_04.txt
voiceapp\output\summaries_folder\mistral-small_20241221_024011\CJG_05_2023_02_11-summary_1.txt,C:/Users/G/Documents/GitHub/audycje.com.pl/content/audio\CJG_05_2023_02_11.txt
voiceapp\output\summaries_folder\mistral-small_20241221_024011\CJG_05_2023_02_11-summary_2.txt,C:/Users/G/Documents/GitHub/audycje.com.pl/content/audio\CJG_05_2023_02_11.txt
voiceapp\output\summaries_folder\mistral-small_20241221_024011\CJG_05_2023_02_11-summary_3.txt,C:/Users/G/Documents/GitHub/audycje.com.pl/content/audio\CJG_05_2023_02_11.txt
voiceapp\output\summaries_folder\mistral-small_20241221_024011\CJG_05_2023_02_11-summary_4.txt,C:/Users/G/Documents/GitHub/audycje.com.pl/content/audio\CJG_05_2023_02_11.txt
voiceapp\output\summaries_folder\mistral-small_20241221_024011\CJG_05_2023_02_11-summary_5.txt,C:/Users/G/Documents/GitHub/audycje.com.pl/content/audio\CJG_05_2023_02_11.txt
voiceapp\output\summaries_folder\mistral-small_20241221_024011\CJG_06_2023_02_18-summary_1.txt,C:/Users/G/Documents/GitHub/audycje.com.pl/content/audio\CJG_06_2023_02_18.txt
voiceapp\output\summaries_folder\mistral-small_20241221_024011\CJG_06_2023_02_18-summary_2.txt,C:/Users/G/Documents/GitHub/audycje.com.pl/content/audio\CJG_06_2023_02_18.txt
voiceapp\output\summaries_folder\mistral-small_20241221_024011\CJG_06_2023_02_18-summary_3.txt,C:/Users/G/Documents/GitHub/audycje.com.pl/content/audio\CJG_06_2023_02_18.txt
voiceapp\output\summaries_folder\mistral-small_20241221_024011\CJG_06_2023_02_18-summary_4.txt,C:/Users/G/Documents/GitHub/audycje.com.pl/content/audio\CJG_06_2023_02_18.txt
voiceapp\output\summaries_folder\mistral-small_20241221_024011\CJG_06_2023_02_18-summary_5.txt,C:/Users/G/Documents/GitHub/audycje.com.pl/content/audio\CJG_06_2023_02_18.txt
voiceapp\output\summaries_folder\mistral-small_20241221_024011\CJG_07_2023_02_25-summary_1.txt,C:/Users/G/Documents/GitHub/audycje.com.pl/content/audio\CJG_07_2023_02_25.txt
voiceapp\output\summaries_folder\mistral-small_20241221_024011\CJG_07_2023_02_25-summary_2.txt,C:/Users/G/Documents/GitHub/audycje.com.pl/content/audio\CJG_07_2023_02_25.txt
voiceapp\output\summaries_folder\mistral-small_20241221_024011\CJG_07_2023_02_25-summary_3.txt,C:/Users/G/Documents/GitHub/audycje.com.pl/content/audio\CJG_07_2023_02_25.txt
voiceapp\output\summaries_folder\mistral-small_20241221_024011\CJG_07_2023_02_25-summary_4.txt,C:/Users/G/Documents/GitHub/audycje.com.pl/content/audio\CJG_07_2023_02_25.txt
voiceapp\output\summaries_folder\mistral-small_20241221_024011\CJG_07_2023_02_25-summary_5.txt,C:/Users/G/Documents/GitHub/audycje.com.pl/content/audio\CJG_07_2023_02_25.txt
voiceapp\output\summaries_folder\mistral-small_20241221_024011\CJG_08_2023_03_04-summary_1.txt,C:/Users/G/Documents/GitHub/audycje.com.pl/content/audio\CJG_08_2023_03_04.txt
voiceapp\output\summaries_folder\mistral-small_20241221_024011\CJG_08_2023_03_04-summary_2.txt,C:/Users/G/Documents/GitHub/audycje.com.pl/content/audio\CJG_08_2023_03_04.txt
voiceapp\output\summaries_folder\mistral-small_20241221_024011\CJG_08_2023_03_04-summary_3.txt,C:/Users/G/Documents/GitHub/audycje.com.pl/content/audio\CJG_08_2023_03_04.txt
voiceapp\output\summaries_folder\mistral-small_20241221_024011\CJG_08_2023_03_04-summary_4.txt,C:/Users/G/Documents/GitHub/audycje.com.pl/content/audio\CJG_08_2023_03_04.txt
voiceapp\output\summaries_folder\mistral-small_20241221_024011\CJG_08_2023_03_04-summary_5.txt,C:/Users/G/Documents/GitHub/audycje.com.pl/content/audio\CJG_08_2023_03_04.txt
voiceapp\output\summaries_folder\mistral-small_20241221_024011\CJG_09_2023_03_11-summary_1.txt,C:/Users/G/Documents/GitHub/audycje.com.pl/content/audio\CJG_09_2023_03_11.txt
voiceapp\output\summaries_folder\mistral-small_20241221_024011\CJG_09_2023_03_11-summary_2.txt,C:/Users/G/Documents/GitHub/audycje.com.pl/content/audio\CJG_09_2023_03_11.txt
voiceapp\output\summaries_folder\mistral-small_20241221_024011\CJG_09_2023_03_11-summary_3.txt,C:/Users/G/Documents/GitHub/audycje.com.pl/content/audio\CJG_09_2023_03_11.txt
voiceapp\output\summaries_folder\mistral-small_20241221_024011\CJG_09_2023_03_11-summary_4.txt,C:/Users/G/Documents/GitHub/audycje.com.pl/content/audio\CJG_09_2023_03_11.txt
voiceapp\output\summaries_folder\mistral-small_20241221_024011\CJG_09_2023_03_11-summary_5.txt,C:/Users/G/Documents/GitHub/audycje.com.pl/content/audio\CJG_09_2023_03_11.txt
voiceapp\output\summaries_folder\mistral-small_20241221_024011\CJG_10_2023_03_18-summary_1.txt,C:/Users/G/Documents/GitHub/audycje.com.pl/content/audio\CJG_10_2023_03_18.txt
voiceapp\output\summaries_folder\mistral-small_20241221_024011\CJG_10_2023_03_18-summary_2.txt,C:/Users/G/Documents/GitHub/audycje.com.pl/content/audio\CJG_10_2023_03_18.txt
voiceapp\output\summaries_folder\mistral-small_20241221_024011\CJG_10_2023_03_18-summary_3.txt,C:/Users/G/Documents/GitHub/audycje.com.pl/content/audio\CJG_10_2023_03_18.txt
voiceapp\output\summaries_folder\mistral-small_20241221_024011\CJG_10_2023_03_18-summary_4.txt,C:/Users/G/Documents/GitHub/audycje.com.pl/content/audio\CJG_10_2023_03_18.txt
voiceapp\output\summaries_folder\mistral-small_20241221_024011\CJG_10_2023_03_18-summary_5.txt,C:/Users/G/Documents/GitHub/audycje.com.pl/content/audio\CJG_10_2023_03_18.txt
voiceapp\output\summaries_folder\mistral-small_20241221_024011\CJG_11_2023_03_25-summary_1.txt,C:/Users/G/Documents/GitHub/audycje.com.pl/content/audio\CJG_11_2023_03_25.txt
voiceapp\output\summaries_folder\mistral-small_20241221_024011\CJG_11_2023_03_25-summary_2.txt,C:/Users/G/Documents/GitHub/audycje.com.pl/content/audio\CJG_11_2023_03_25.txt
voiceapp\output\summaries_folder\mistral-small_20241221_024011\CJG_11_2023_03_25-summary_3.txt,C:/Users/G/Documents/GitHub/audycje.com.pl/content/audio\CJG_11_2023_03_25.txt
voiceapp\output\summaries_folder\mistral-small_20241221_024011\CJG_11_2023_03_25-summary_4.txt,C:/Users/G/Documents/GitHub/audycje.com.pl/content/audio\CJG_11_2023_03_25.txt
voiceapp\output\summaries_folder\mistral-small_20241221_024011\CJG_11_2023_03_25-summary_5.txt,C:/Users/G/Documents/GitHub/audycje.com.pl/content/audio\CJG_11_2023_03_25.txt
voiceapp\output\summaries_folder\mistral-small_20241221_024011\CJG_12_2023_04_01-summary_1.txt,C:/Users/G/Documents/GitHub/audycje.com.pl/content/audio\CJG_12_2023_04_01.txt
voiceapp\output\summaries_folder\mistral-small_20241221_024011\CJG_12_2023_04_01-summary_2.txt,C:/Users/G/Documents/GitHub/audycje.com.pl/content/audio\CJG_12_2023_04_01.txt
voiceapp\output\summaries_folder\mistral-small_20241221_024011\CJG_12_2023_04_01-summary_3.txt,C:/Users/G/Documents/GitHub/audycje.com.pl/content/audio\CJG_12_2023_04_01.txt
voiceapp\output\summaries_folder\mistral-small_20241221_024011\CJG_12_2023_04_01-summary_4.txt,C:/Users/G/Documents/GitHub/audycje.com.pl/content/audio\CJG_12_2023_04_01.txt
voiceapp\output\summaries_folder\mistral-small_20241221_024011\CJG_12_2023_04_01-summary_5.txt,C:/Users/G/Documents/GitHub/audycje.com.pl/content/audio\CJG_12_2023_04_01.txt
voiceapp\output\summaries_folder\mistral-small_20241221_024011\CJG_13_2023_04_08-summary_1.txt,C:/Users/G/Documents/GitHub/audycje.com.pl/content/audio\CJG_13_2023_04_08.txt
voiceapp\output\summaries_folder\mistral-small_20241221_024011\CJG_13_2023_04_08-summary_2.txt,C:/Users/G/Documents/GitHub/audycje.com.pl/content/audio\CJG_13_2023_04_08.txt
voiceapp\output\summaries_folder\mistral-small_20241221_024011\CJG_13_2023_04_08-summary_3.txt,C:/Users/G/Documents/GitHub/audycje.com.pl/content/audio\CJG_13_2023_04_08.txt
voiceapp\output\summaries_folder\mistral-small_20241221_024011\CJG_13_2023_04_08-summary_4.txt,C:/Users/G/Documents/GitHub/audycje.com.pl/content/audio\CJG_13_2023_04_08.txt
voiceapp\output\summaries_folder\mistral-small_20241221_024011\CJG_13_2023_04_08-summary_5.txt,C:/Users/G/Documents/GitHub/audycje.com.pl/content/audio\CJG_13_2023_04_08.txt
voiceapp\output\summaries_folder\mistral-small_20241221_024011\CJG_14_2023_04_15-summary_1.txt,C:/Users/G/Documents/GitHub/audycje.com.pl/content/audio\CJG_14_2023_04_15.txt
voiceapp\output\summaries_folder\mistral-small_20241221_024011\CJG_14_2023_04_15-summary_2.txt,C:/Users/G/Documents/GitHub/audycje.com.pl/content/audio\CJG_14_2023_04_15.txt
voiceapp\output\summaries_folder\mistral-small_20241221_024011\CJG_14_2023_04_15-summary_3.txt,C:/Users/G/Documents/GitHub/audycje.com.pl/content/audio\CJG_14_2023_04_15.txt
voiceapp\output\summaries_folder\mistral-small_20241221_024011\CJG_14_2023_04_15-summary_4.txt,C:/Users/G/Documents/GitHub/audycje.com.pl/content/audio\CJG_14_2023_04_15.txt
voiceapp\output\summaries_folder\mistral-small_20241221_024011\CJG_14_2023_04_15-summary_5.txt,C:/Users/G/Documents/GitHub/audycje.com.pl/content/audio\CJG_14_2023_04_15.txt
voiceapp\output\summaries_folder\mistral-small_20241221_024011\CJG_15_2023_04_22-summary_1.txt,C:/Users/G/Documents/GitHub/audycje.com.pl/content/audio\CJG_15_2023_04_22.txt
voiceapp\output\summaries_folder\mistral-small_20241221_024011\CJG_15_2023_04_22-summary_2.txt,C:/Users/G/Documents/GitHub/audycje.com.pl/content/audio\CJG_15_2023_04_22.txt
voiceapp\output\summaries_folder\mistral-small_20241221_024011\CJG_15_2023_04_22-summary_3.txt,C:/Users/G/Documents/GitHub/audycje.com.pl/content/audio\CJG_15_2023_04_22.txt
voiceapp\output\summaries_folder\mistral-small_20241221_024011\CJG_15_2023_04_22-summary_4.txt,C:/Users/G/Documents/GitHub/audycje.com.pl/content/audio\CJG_15_2023_04_22.txt
voiceapp\output\summaries_folder\mistral-small_20241221_024011\CJG_15_2023_04_22-summary_5.txt,C:/Users/G/Documents/GitHub/audycje.com.pl/content/audio\CJG_15_2023_04_22.txt
voiceapp\output\summaries_folder\mistral-small_20241221_024011\CJG_16_2023_04_29-summary_1.txt,C:/Users/G/Documents/GitHub/audycje.com.pl/content/audio\CJG_16_2023_04_29.txt
voiceapp\output\summaries_folder\mistral-small_20241221_024011\CJG_16_2023_04_29-summary_2.txt,C:/Users/G/Documents/GitHub/audycje.com.pl/content/audio\CJG_16_2023_04_29.txt
voiceapp\output\summaries_folder\mistral-small_20241221_024011\CJG_16_2023_04_29-summary_3.txt,C:/Users/G/Documents/GitHub/audycje.com.pl/content/audio\CJG_16_2023_04_29.txt
voiceapp\output\summaries_folder\mistral-small_20241221_024011\CJG_16_2023_04_29-summary_4.txt,C:/Users/G/Documents/GitHub/audycje.com.pl/content/audio\CJG_16_2023_04_29.txt
voiceapp\output\summaries_folder\mistral-small_20241221_024011\CJG_16_2023_04_29-summary_5.txt,C:/Users/G/Documents/GitHub/audycje.com.pl/content/audio\CJG_16_2023_04_29.txt
voiceapp\output\summaries_folder\mistral-small_20241221_024011\CJG_17_2023_05_06-summary_1.txt,C:/Users/G/Documents/GitHub/audycje.com.pl/content/audio\CJG_17_2023_05_06.txt
voiceapp\output\summaries_folder\mistral-small_20241221_024011\CJG_17_2023_05_06-summary_2.txt,C:/Users/G/Documents/GitHub/audycje.com.pl/content/audio\CJG_17_2023_05_06.txt
voiceapp\output\summaries_folder\mistral-small_20241221_024011\CJG_17_2023_05_06-summary_3.txt,C:/Users/G/Documents/GitHub/audycje.com.pl/content/audio\CJG_17_2023_05_06.txt
voiceapp\output\summaries_folder\mistral-small_20241221_024011\CJG_17_2023_05_06-summary_4.txt,C:/Users/G/Documents/GitHub/audycje.com.pl/content/audio\CJG_17_2023_05_06.txt
voiceapp\output\summaries_folder\mistral-small_20241221_024011\CJG_17_2023_05_06-summary_5.txt,C:/Users/G/Documents/GitHub/audycje.com.pl/content/audio\CJG_17_2023_05_06.txt
voiceapp\output\summaries_folder\mistral-small_20241221_024011\CJG_18_2023_05_13-summary_1.txt,C:/Users/G/Documents/GitHub/audycje.com.pl/content/audio\CJG_18_2023_05_13.txt
voiceapp\output\summaries_folder\mistral-small_20241221_024011\CJG_18_2023_05_13-summary_2.txt,C:/Users/G/Documents/GitHub/audycje.com.pl/content/audio\CJG_18_2023_05_13.txt
voiceapp\output\summaries_folder\mistral-small_20241221_024011\CJG_18_2023_05_13-summary_3.txt,C:/Users/G/Documents/GitHub/audycje.com.pl/content/audio\CJG_18_2023_05_13.txt
voiceapp\output\summaries_folder\mistral-small_20241221_024011\CJG_18_2023_05_13-summary_4.txt,C:/Users/G/Documents/GitHub/audycje.com.pl/content/audio\CJG_18_2023_05_13.txt
voiceapp\output\summaries_folder\mistral-small_20241221_024011\CJG_18_2023_05_13-summary_5.txt,C:/Users/G/Documents/GitHub/audycje.com.pl/content/audio\CJG_18_2023_05_13.txt
voiceapp\output\summaries_folder\mistral-small_20241221_024011\CJG_19_2023_05_20-summary_1.txt,C:/Users/G/Documents/GitHub/audycje.com.pl/content/audio\CJG_19_2023_05_20.txt
voiceapp\output\summaries_folder\mistral-small_20241221_024011\CJG_19_2023_05_20-summary_2.txt,C:/Users/G/Documents/GitHub/audycje.com.pl/content/audio\CJG_19_2023_05_20.txt
voiceapp\output\summaries_folder\mistral-small_20241221_024011\CJG_19_2023_05_20-summary_3.txt,C:/Users/G/Documents/GitHub/audycje.com.pl/content/audio\CJG_19_2023_05_20.txt
voiceapp\output\summaries_folder\mistral-small_20241221_024011\CJG_19_2023_05_20-summary_4.txt,C:/Users/G/Documents/GitHub/audycje.com.pl/content/audio\CJG_19_2023_05_20.txt
voiceapp\output\summaries_folder\mistral-small_20241221_024011\CJG_19_2023_05_20-summary_5.txt,C:/Users/G/Documents/GitHub/audycje.com.pl/content/audio\CJG_19_2023_05_20.txt
voiceapp\output\summaries_folder\mistral-small_20241221_024011\CJG_20_2023_05_27-summary_1.txt,C:/Users/G/Documents/GitHub/audycje.com.pl/content/audio\CJG_20_2023_05_27.txt
voiceapp\output\summaries_folder\mistral-small_20241221_024011\CJG_20_2023_05_27-summary_2.txt,C:/Users/G/Documents/GitHub/audycje.com.pl/content/audio\CJG_20_2023_05_27.txt
voiceapp\output\summaries_folder\mistral-small_20241221_024011\CJG_20_2023_05_27-summary_3.txt,C:/Users/G/Documents/GitHub/audycje.com.pl/content/audio\CJG_20_2023_05_27.txt
voiceapp\output\summaries_folder\mistral-small_20241221_024011\CJG_20_2023_05_27-summary_4.txt,C:/Users/G/Documents/GitHub/audycje.com.pl/content/audio\CJG_20_2023_05_27.txt
voiceapp\output\summaries_folder\mistral-small_20241221_024011\CJG_20_2023_05_27-summary_5.txt,C:/Users/G/Documents/GitHub/audycje.com.pl/content/audio\CJG_20_2023_05_27.txt
voiceapp\output\summaries_folder\mistral-small_20241221_024011\CJG_21_2023_06_03-summary_1.txt,C:/Users/G/Documents/GitHub/audycje.com.pl/content/audio\CJG_21_2023_06_03.txt
voiceapp\output\summaries_folder\mistral-small_20241221_024011\CJG_21_2023_06_03-summary_2.txt,C:/Users/G/Documents/GitHub/audycje.com.pl/content/audio\CJG_21_2023_06_03.txt
voiceapp\output\summaries_folder\mistral-small_20241221_024011\CJG_21_2023_06_03-summary_3.txt,C:/Users/G/Documents/GitHub/audycje.com.pl/content/audio\CJG_21_2023_06_03.txt
voiceapp\output\summaries_folder\mistral-small_20241221_024011\CJG_21_2023_06_03-summary_4.txt,C:/Users/G/Documents/GitHub/audycje.com.pl/content/audio\CJG_21_2023_06_03.txt
voiceapp\output\summaries_folder\mistral-small_20241221_024011\CJG_21_2023_06_03-summary_5.txt,C:/Users/G/Documents/GitHub/audycje.com.pl/content/audio\CJG_21_2023_06_03.txt
voiceapp\output\summaries_folder\mistral-small_20241221_024011\CJG_22_2023_06_10-summary_1.txt,C:/Users/G/Documents/GitHub/audycje.com.pl/content/audio\CJG_22_2023_06_10.txt
voiceapp\output\summaries_folder\mistral-small_20241221_024011\CJG_22_2023_06_10-summary_2.txt,C:/Users/G/Documents/GitHub/audycje.com.pl/content/audio\CJG_22_2023_06_10.txt
voiceapp\output\summaries_folder\mistral-small_20241221_024011\CJG_22_2023_06_10-summary_3.txt,C:/Users/G/Documents/GitHub/audycje.com.pl/content/audio\CJG_22_2023_06_10.txt
voiceapp\output\summaries_folder\mistral-small_20241221_024011\CJG_22_2023_06_10-summary_4.txt,C:/Users/G/Documents/GitHub/audycje.com.pl/content/audio\CJG_22_2023_06_10.txt
voiceapp\output\summaries_folder\mistral-small_20241221_024011\CJG_22_2023_06_10-summary_5.txt,C:/Users/G/Documents/GitHub/audycje.com.pl/content/audio\CJG_22_2023_06_10.txt
voiceapp\output\summaries_folder\mistral-small_20241221_024011\CJG_23_2023_06_17-summary_1.txt,C:/Users/G/Documents/GitHub/audycje.com.pl/content/audio\CJG_23_2023_06_17.txt
voiceapp\output\summaries_folder\mistral-small_20241221_024011\CJG_23_2023_06_17-summary_2.txt,C:/Users/G/Documents/GitHub/audycje.com.pl/content/audio\CJG_23_2023_06_17.txt
voiceapp\output\summaries_folder\mistral-small_20241221_024011\CJG_23_2023_06_17-summary_3.txt,C:/Users/G/Documents/GitHub/audycje.com.pl/content/audio\CJG_23_2023_06_17.txt
voiceapp\output\summaries_folder\mistral-small_20241221_024011\CJG_23_2023_06_17-summary_4.txt,C:/Users/G/Documents/GitHub/audycje.com.pl/content/audio\CJG_23_2023_06_17.txt
voiceapp\output\summaries_folder\mistral-small_20241221_024011\CJG_23_2023_06_17-summary_5.txt,C:/Users/G/Documents/GitHub/audycje.com.pl/content/audio\CJG_23_2023_06_17.txt
voiceapp\output\summaries_folder\mistral-small_20241221_024011\CJG_24_2023_06_24-summary_1.txt,C:/Users/G/Documents/GitHub/audycje.com.pl/content/audio\CJG_24_2023_06_24.txt
voiceapp\output\summaries_folder\mistral-small_20241221_024011\CJG_24_2023_06_24-summary_2.txt,C:/Users/G/Documents/GitHub/audycje.com.pl/content/audio\CJG_24_2023_06_24.txt
voiceapp\output\summaries_folder\mistral-small_20241221_024011\CJG_24_2023_06_24-summary_3.txt,C:/Users/G/Documents/GitHub/audycje.com.pl/content/audio\CJG_24_2023_06_24.txt
voiceapp\output\summaries_folder\mistral-small_20241221_024011\CJG_24_2023_06_24-summary_4.txt,C:/Users/G/Documents/GitHub/audycje.com.pl/content/audio\CJG_24_2023_06_24.txt
voiceapp\output\summaries_folder\mistral-small_20241221_024011\CJG_24_2023_06_24-summary_5.txt,C:/Users/G/Documents/GitHub/audycje.com.pl/content/audio\CJG_24_2023_06_24.txt
voiceapp\output\summaries_folder\mistral-small_20241221_024011\CJG_25_2023_07_01-summary_1.txt,C:/Users/G/Documents/GitHub/audycje.com.pl/content/audio\CJG_25_2023_07_01.txt
voiceapp\output\summaries_folder\mistral-small_20241221_024011\CJG_25_2023_07_01-summary_2.txt,C:/Users/G/Documents/GitHub/audycje.com.pl/content/audio\CJG_25_2023_07_01.txt
voiceapp\output\summaries_folder\mistral-small_20241221_024011\CJG_25_2023_07_01-summary_3.txt,C:/Users/G/Documents/GitHub/audycje.com.pl/content/audio\CJG_25_2023_07_01.txt
voiceapp\output\summaries_folder\mistral-small_20241221_024011\CJG_25_2023_07_01-summary_4.txt,C:/Users/G/Documents/GitHub/audycje.com.pl/content/audio\CJG_25_2023_07_01.txt
voiceapp\output\summaries_folder\mistral-small_20241221_024011\CJG_25_2023_07_01-summary_5.txt,C:/Users/G/Documents/GitHub/audycje.com.pl/content/audio\CJG_25_2023_07_01.txt
voiceapp\output\summaries_folder\mistral-small_20241221_024011\CJG_26_2023_07_08-summary_1.txt,C:/Users/G/Documents/GitHub/audycje.com.pl/content/audio\CJG_26_2023_07_08.txt
voiceapp\output\summaries_folder\mistral-small_20241221_024011\CJG_26_2023_07_08-summary_2.txt,C:/Users/G/Documents/GitHub/audycje.com.pl/content/audio\CJG_26_2023_07_08.txt
voiceapp\output\summaries_folder\mistral-small_20241221_024011\CJG_26_2023_07_08-summary_3.txt,C:/Users/G/Documents/GitHub/audycje.com.pl/content/audio\CJG_26_2023_07_08.txt
voiceapp\output\summaries_folder\mistral-small_20241221_024011\CJG_26_2023_07_08-summary_4.txt,C:/Users/G/Documents/GitHub/audycje.com.pl/content/audio\CJG_26_2023_07_08.txt
voiceapp\output\summaries_folder\mistral-small_20241221_024011\CJG_26_2023_07_08-summary_5.txt,C:/Users/G/Documents/GitHub/audycje.com.pl/content/audio\CJG_26_2023_07_08.txt
voiceapp\output\summaries_folder\mistral-small_20241221_024011\CJG_27_2023_07_15-summary_1.txt,C:/Users/G/Documents/GitHub/audycje.com.pl/content/audio\CJG_27_2023_07_15.txt
voiceapp\output\summaries_folder\mistral-small_20241221_024011\CJG_27_2023_07_15-summary_2.txt,C:/Users/G/Documents/GitHub/audycje.com.pl/content/audio\CJG_27_2023_07_15.txt
voiceapp\output\summaries_folder\mistral-small_20241221_024011\CJG_27_2023_07_15-summary_3.txt,C:/Users/G/Documents/GitHub/audycje.com.pl/content/audio\CJG_27_2023_07_15.txt
voiceapp\output\summaries_folder\mistral-small_20241221_024011\CJG_27_2023_07_15-summary_4.txt,C:/Users/G/Documents/GitHub/audycje.com.pl/content/audio\CJG_27_2023_07_15.txt
voiceapp\output\summaries_folder\mistral-small_20241221_024011\CJG_27_2023_07_15-summary_5.txt,C:/Users/G/Documents/GitHub/audycje.com.pl/content/audio\CJG_27_2023_07_15.txt
voiceapp\output\summaries_folder\mistral-small_20241221_024011\CJG_28_2023_07_22-summary_1.txt,C:/Users/G/Documents/GitHub/audycje.com.pl/content/audio\CJG_28_2023_07_22.txt
voiceapp\output\summaries_folder\mistral-small_20241221_024011\CJG_28_2023_07_22-summary_2.txt,C:/Users/G/Documents/GitHub/audycje.com.pl/content/audio\CJG_28_2023_07_22.txt
voiceapp\output\summaries_folder\mistral-small_20241221_024011\CJG_28_2023_07_22-summary_3.txt,C:/Users/G/Documents/GitHub/audycje.com.pl/content/audio\CJG_28_2023_07_22.txt
voiceapp\output\summaries_folder\mistral-small_20241221_024011\CJG_28_2023_07_22-summary_4.txt,C:/Users/G/Documents/GitHub/audycje.com.pl/content/audio\CJG_28_2023_07_22.txt
voiceapp\output\summaries_folder\mistral-small_20241221_024011\CJG_28_2023_07_22-summary_5.txt,C:/Users/G/Documents/GitHub/audycje.com.pl/content/audio\CJG_28_2023_07_22.txt
voiceapp\output\summaries_folder\mistral-small_20241221_024011\CJG_29_2023_07_29-summary_1.txt,C:/Users/G/Documents/GitHub/audycje.com.pl/content/audio\CJG_29_2023_07_29.txt
voiceapp\output\summaries_folder\mistral-small_20241221_024011\CJG_29_2023_07_29-summary_2.txt,C:/Users/G/Documents/GitHub/audycje.com.pl/content/audio\CJG_29_2023_07_29.txt
voiceapp\output\summaries_folder\mistral-small_20241221_024011\CJG_29_2023_07_29-summary_3.txt,C:/Users/G/Documents/GitHub/audycje.com.pl/content/audio\CJG_29_2023_07_29.txt
voiceapp\output\summaries_folder\mistral-small_20241221_024011\CJG_29_2023_07_29-summary_4.txt,C:/Users/G/Documents/GitHub/audycje.com.pl/content/audio\CJG_29_2023_07_29.txt
voiceapp\output\summaries_folder\mistral-small_20241221_024011\CJG_29_2023_07_29-summary_5.txt,C:/Users/G/Documents/GitHub/audycje.com.pl/content/audio\CJG_29_2023_07_29.txt
voiceapp\output\summaries_folder\mistral-small_20241221_024011\CJG_30_2023_08_05-summary_1.txt,C:/Users/G/Documents/GitHub/audycje.com.pl/content/audio\CJG_30_2023_08_05.txt
voiceapp\output\summaries_folder\mistral-small_20241221_024011\CJG_30_2023_08_05-summary_2.txt,C:/Users/G/Documents/GitHub/audycje.com.pl/content/audio\CJG_30_2023_08_05.txt
voiceapp\output\summaries_folder\mistral-small_20241221_024011\CJG_30_2023_08_05-summary_3.txt,C:/Users/G/Documents/GitHub/audycje.com.pl/content/audio\CJG_30_2023_08_05.txt
voiceapp\output\summaries_folder\mistral-small_20241221_024011\CJG_30_2023_08_05-summary_4.txt,C:/Users/G/Documents/GitHub/audycje.com.pl/content/audio\CJG_30_2023_08_05.txt
voiceapp\output\summaries_folder\mistral-small_20241221_024011\CJG_30_2023_08_05-summary_5.txt,C:/Users/G/Documents/GitHub/audycje.com.pl/content/audio\CJG_30_2023_08_05.txt
voiceapp\output\summaries_folder\mistral-small_20241221_024011\CJG_31_2023_09_09-summary_1.txt,C:/Users/G/Documents/GitHub/audycje.com.pl/content/audio\CJG_31_2023_09_09.txt
voiceapp\output\summaries_folder\mistral-small_20241221_024011\CJG_31_2023_09_09-summary_2.txt,C:/Users/G/Documents/GitHub/audycje.com.pl/content/audio\CJG_31_2023_09_09.txt
voiceapp\output\summaries_folder\mistral-small_20241221_024011\CJG_31_2023_09_09-summary_3.txt,C:/Users/G/Documents/GitHub/audycje.com.pl/content/audio\CJG_31_2023_09_09.txt
voiceapp\output\summaries_folder\mistral-small_20241221_024011\CJG_31_2023_09_09-summary_4.txt,C:/Users/G/Documents/GitHub/audycje.com.pl/content/audio\CJG_31_2023_09_09.txt
voiceapp\output\summaries_folder\mistral-small_20241221_024011\CJG_31_2023_09_09-summary_5.txt,C:/Users/G/Documents/GitHub/audycje.com.pl/content/audio\CJG_31_2023_09_09.txt
voiceapp\output\summaries_folder\mistral-small_20241221_024011\CJG_32_2023_09_16-summary_1.txt,C:/Users/G/Documents/GitHub/audycje.com.pl/content/audio\CJG_32_2023_09_16.txt
voiceapp\output\summaries_folder\mistral-small_20241221_024011\CJG_32_2023_09_16-summary_2.txt,C:/Users/G/Documents/GitHub/audycje.com.pl/content/audio\CJG_32_2023_09_16.txt
voiceapp\output\summaries_folder\mistral-small_20241221_024011\CJG_32_2023_09_16-summary_3.txt,C:/Users/G/Documents/GitHub/audycje.com.pl/content/audio\CJG_32_2023_09_16.txt
voiceapp\output\summaries_folder\mistral-small_20241221_024011\CJG_32_2023_09_16-summary_4.txt,C:/Users/G/Documents/GitHub/audycje.com.pl/content/audio\CJG_32_2023_09_16.txt
voiceapp\output\summaries_folder\mistral-small_20241221_024011\CJG_32_2023_09_16-summary_5.txt,C:/Users/G/Documents/GitHub/audycje.com.pl/content/audio\CJG_32_2023_09_16.txt
voiceapp\output\summaries_folder\mistral-small_20241221_024011\CJG_33_2023_09_23-summary_1.txt,C:/Users/G/Documents/GitHub/audycje.com.pl/content/audio\CJG_33_2023_09_23.txt
voiceapp\output\summaries_folder\mistral-small_20241221_024011\CJG_33_2023_09_23-summary_2.txt,C:/Users/G/Documents/GitHub/audycje.com.pl/content/audio\CJG_33_2023_09_23.txt
voiceapp\output\summaries_folder\mistral-small_20241221_024011\CJG_33_2023_09_23-summary_3.txt,C:/Users/G/Documents/GitHub/audycje.com.pl/content/audio\CJG_33_2023_09_23.txt
voiceapp\output\summaries_folder\mistral-small_20241221_024011\CJG_33_2023_09_23-summary_4.txt,C:/Users/G/Documents/GitHub/audycje.com.pl/content/audio\CJG_33_2023_09_23.txt
voiceapp\output\summaries_folder\mistral-small_20241221_024011\CJG_33_2023_09_23-summary_5.txt,C:/Users/G/Documents/GitHub/audycje.com.pl/content/audio\CJG_33_2023_09_23.txt
voiceapp\output\summaries_folder\mistral-small_20241221_024011\CJG_34_2023_09_30-summary_1.txt,C:/Users/G/Documents/GitHub/audycje.com.pl/content/audio\CJG_34_2023_09_30.txt
voiceapp\output\summaries_folder\mistral-small_20241221_024011\CJG_34_2023_09_30-summary_2.txt,C:/Users/G/Documents/GitHub/audycje.com.pl/content/audio\CJG_34_2023_09_30.txt
voiceapp\output\summaries_folder\mistral-small_20241221_024011\CJG_34_2023_09_30-summary_3.txt,C:/Users/G/Documents/GitHub/audycje.com.pl/content/audio\CJG_34_2023_09_30.txt
voiceapp\output\summaries_folder\mistral-small_20241221_024011\CJG_34_2023_09_30-summary_4.txt,C:/Users/G/Documents/GitHub/audycje.com.pl/content/audio\CJG_34_2023_09_30.txt
voiceapp\output\summaries_folder\mistral-small_20241221_024011\CJG_34_2023_09_30-summary_5.txt,C:/Users/G/Documents/GitHub/audycje.com.pl/content/audio\CJG_34_2023_09_30.txt
voiceapp\output\summaries_folder\mistral-small_20241221_024011\CJG_35_2023_10_07-summary_1.txt,C:/Users/G/Documents/GitHub/audycje.com.pl/content/audio\CJG_35_2023_10_07.txt
voiceapp\output\summaries_folder\mistral-small_20241221_024011\CJG_35_2023_10_07-summary_2.txt,C:/Users/G/Documents/GitHub/audycje.com.pl/content/audio\CJG_35_2023_10_07.txt
voiceapp\output\summaries_folder\mistral-small_20241221_024011\CJG_35_2023_10_07-summary_3.txt,C:/Users/G/Documents/GitHub/audycje.com.pl/content/audio\CJG_35_2023_10_07.txt
voiceapp\output\summaries_folder\mistral-small_20241221_024011\CJG_35_2023_10_07-summary_4.txt,C:/Users/G/Documents/GitHub/audycje.com.pl/content/audio\CJG_35_2023_10_07.txt
voiceapp\output\summaries_folder\mistral-small_20241221_024011\CJG_35_2023_10_07-summary_5.txt,C:/Users/G/Documents/GitHub/audycje.com.pl/content/audio\CJG_35_2023_10_07.txt
voiceapp\output\summaries_folder\mistral-small_20241221_024011\CJG_36_2023_10_14-summary_1.txt,C:/Users/G/Documents/GitHub/audycje.com.pl/content/audio\CJG_36_2023_10_14.txt
voiceapp\output\summaries_folder\mistral-small_20241221_024011\CJG_36_2023_10_14-summary_2.txt,C:/Users/G/Documents/GitHub/audycje.com.pl/content/audio\CJG_36_2023_10_14.txt
voiceapp\output\summaries_folder\mistral-small_20241221_024011\CJG_36_2023_10_14-summary_3.txt,C:/Users/G/Documents/GitHub/audycje.com.pl/content/audio\CJG_36_2023_10_14.txt
voiceapp\output\summaries_folder\mistral-small_20241221_024011\CJG_36_2023_10_14-summary_4.txt,C:/Users/G/Documents/GitHub/audycje.com.pl/content/audio\CJG_36_2023_10_14.txt
voiceapp\output\summaries_folder\mistral-small_20241221_024011\CJG_36_2023_10_14-summary_5.txt,C:/Users/G/Documents/GitHub/audycje.com.pl/content/audio\CJG_36_2023_10_14.txt
voiceapp\output\summaries_folder\mistral-small_20241221_024011\CJG_37_2023_10_21-summary_1.txt,C:/Users/G/Documents/GitHub/audycje.com.pl/content/audio\CJG_37_2023_10_21.txt
voiceapp\output\summaries_folder\mistral-small_20241221_024011\CJG_37_2023_10_21-summary_2.txt,C:/Users/G/Documents/GitHub/audycje.com.pl/content/audio\CJG_37_2023_10_21.txt
voiceapp\output\summaries_folder\mistral-small_20241221_024011\CJG_37_2023_10_21-summary_3.txt,C:/Users/G/Documents/GitHub/audycje.com.pl/content/audio\CJG_37_2023_10_21.txt
voiceapp\output\summaries_folder\mistral-small_20241221_024011\CJG_37_2023_10_21-summary_4.txt,C:/Users/G/Documents/GitHub/audycje.com.pl/content/audio\CJG_37_2023_10_21.txt
voiceapp\output\summaries_folder\mistral-small_20241221_024011\CJG_37_2023_10_21-summary_5.txt,C:/Users/G/Documents/GitHub/audycje.com.pl/content/audio\CJG_37_2023_10_21.txt
voiceapp\output\summaries_folder\mistral-small_20241221_024011\CJG_38_2023_10_28-summary_1.txt,C:/Users/G/Documents/GitHub/audycje.com.pl/content/audio\CJG_38_2023_10_28.txt
voiceapp\output\summaries_folder\mistral-small_20241221_024011\CJG_38_2023_10_28-summary_2.txt,C:/Users/G/Documents/GitHub/audycje.com.pl/content/audio\CJG_38_2023_10_28.txt
voiceapp\output\summaries_folder\mistral-small_20241221_024011\CJG_38_2023_10_28-summary_3.txt,C:/Users/G/Documents/GitHub/audycje.com.pl/content/audio\CJG_38_2023_10_28.txt
voiceapp\output\summaries_folder\mistral-small_20241221_024011\CJG_38_2023_10_28-summary_4.txt,C:/Users/G/Documents/GitHub/audycje.com.pl/content/audio\CJG_38_2023_10_28.txt
voiceapp\output\summaries_folder\mistral-small_20241221_024011\CJG_38_2023_10_28-summary_5.txt,C:/Users/G/Documents/GitHub/audycje.com.pl/content/audio\CJG_38_2023_10_28.txt
voiceapp\output\summaries_folder\mistral-small_20241221_024011\CJG_39_2023_11_04-summary_1.txt,C:/Users/G/Documents/GitHub/audycje.com.pl/content/audio\CJG_39_2023_11_04.txt
voiceapp\output\summaries_folder\mistral-small_20241221_024011\CJG_39_2023_11_04-summary_2.txt,C:/Users/G/Documents/GitHub/audycje.com.pl/content/audio\CJG_39_2023_11_04.txt
voiceapp\output\summaries_folder\mistral-small_20241221_024011\CJG_39_2023_11_04-summary_3.txt,C:/Users/G/Documents/GitHub/audycje.com.pl/content/audio\CJG_39_2023_11_04.txt
voiceapp\output\summaries_folder\mistral-small_20241221_024011\CJG_39_2023_11_04-summary_4.txt,C:/Users/G/Documents/GitHub/audycje.com.pl/content/audio\CJG_39_2023_11_04.txt
voiceapp\output\summaries_folder\mistral-small_20241221_024011\CJG_39_2023_11_04-summary_5.txt,C:/Users/G/Documents/GitHub/audycje.com.pl/content/audio\CJG_39_2023_11_04.txt
voiceapp\output\summaries_folder\mistral-small_20241221_024011\CJG_40_2023_11_11-summary_1.txt,C:/Users/G/Documents/GitHub/audycje.com.pl/content/audio\CJG_40_2023_11_11.txt
voiceapp\output\summaries_folder\mistral-small_20241221_024011\CJG_40_2023_11_11-summary_2.txt,C:/Users/G/Documents/GitHub/audycje.com.pl/content/audio\CJG_40_2023_11_11.txt
voiceapp\output\summaries_folder\mistral-small_20241221_024011\CJG_40_2023_11_11-summary_3.txt,C:/Users/G/Documents/GitHub/audycje.com.pl/content/audio\CJG_40_2023_11_11.txt
voiceapp\output\summaries_folder\mistral-small_20241221_024011\CJG_40_2023_11_11-summary_4.txt,C:/Users/G/Documents/GitHub/audycje.com.pl/content/audio\CJG_40_2023_11_11.txt
voiceapp\output\summaries_folder\mistral-small_20241221_024011\CJG_40_2023_11_11-summary_5.txt,C:/Users/G/Documents/GitHub/audycje.com.pl/content/audio\CJG_40_2023_11_11.txt
voiceapp\output\summaries_folder\mistral-small_20241221_024011\CJG_41_2023_11_18-summary_1.txt,C:/Users/G/Documents/GitHub/audycje.com.pl/content/audio\CJG_41_2023_11_18.txt
voiceapp\output\summaries_folder\mistral-small_20241221_024011\CJG_41_2023_11_18-summary_2.txt,C:/Users/G/Documents/GitHub/audycje.com.pl/content/audio\CJG_41_2023_11_18.txt
voiceapp\output\summaries_folder\mistral-small_20241221_024011\CJG_41_2023_11_18-summary_3.txt,C:/Users/G/Documents/GitHub/audycje.com.pl/content/audio\CJG_41_2023_11_18.txt
voiceapp\output\summaries_folder\mistral-small_20241221_024011\CJG_41_2023_11_18-summary_4.txt,C:/Users/G/Documents/GitHub/audycje.com.pl/content/audio\CJG_41_2023_11_18.txt
voiceapp\output\summaries_folder\mistral-small_20241221_024011\CJG_41_2023_11_18-summary_5.txt,C:/Users/G/Documents/GitHub/audycje.com.pl/content/audio\CJG_41_2023_11_18.txt
voiceapp\output\summaries_folder\mistral-small_20241221_024011\CJG_42_2023_11_25-summary_1.txt,C:/Users/G/Documents/GitHub/audycje.com.pl/content/audio\CJG_42_2023_11_25.txt
voiceapp\output\summaries_folder\mistral-small_20241221_024011\CJG_42_2023_11_25-summary_2.txt,C:/Users/G/Documents/GitHub/audycje.com.pl/content/audio\CJG_42_2023_11_25.txt
voiceapp\output\summaries_folder\mistral-small_20241221_024011\CJG_42_2023_11_25-summary_3.txt,C:/Users/G/Documents/GitHub/audycje.com.pl/content/audio\CJG_42_2023_11_25.txt
voiceapp\output\summaries_folder\mistral-small_20241221_024011\CJG_42_2023_11_25-summary_4.txt,C:/Users/G/Documents/GitHub/audycje.com.pl/content/audio\CJG_42_2023_11_25.txt
voiceapp\output\summaries_folder\mistral-small_20241221_024011\CJG_42_2023_11_25-summary_5.txt,C:/Users/G/Documents/GitHub/audycje.com.pl/content/audio\CJG_42_2023_11_25.txt
voiceapp\output\summaries_folder\mistral-small_20241221_024011\CJG_43_2023_12_02-summary_1.txt,C:/Users/G/Documents/GitHub/audycje.com.pl/content/audio\CJG_43_2023_12_02.txt
voiceapp\output\summaries_folder\mistral-small_20241221_024011\CJG_43_2023_12_02-summary_2.txt,C:/Users/G/Documents/GitHub/audycje.com.pl/content/audio\CJG_43_2023_12_02.txt
voiceapp\output\summaries_folder\mistral-small_20241221_024011\CJG_43_2023_12_02-summary_3.txt,C:/Users/G/Documents/GitHub/audycje.com.pl/content/audio\CJG_43_2023_12_02.txt
voiceapp\output\summaries_folder\mistral-small_20241221_024011\CJG_43_2023_12_02-summary_4.txt,C:/Users/G/Documents/GitHub/audycje.com.pl/content/audio\CJG_43_2023_12_02.txt
voiceapp\output\summaries_folder\mistral-small_20241221_024011\CJG_43_2023_12_02-summary_5.txt,C:/Users/G/Documents/GitHub/audycje.com.pl/content/audio\CJG_43_2023_12_02.txt
voiceapp\output\summaries_folder\mistral-small_20241221_024011\CJG_44_2023_12_09-summary_1.txt,C:/Users/G/Documents/GitHub/audycje.com.pl/content/audio\CJG_44_2023_12_09.txt
voiceapp\output\summaries_folder\mistral-small_20241221_024011\CJG_44_2023_12_09-summary_2.txt,C:/Users/G/Documents/GitHub/audycje.com.pl/content/audio\CJG_44_2023_12_09.txt
voiceapp\output\summaries_folder\mistral-small_20241221_024011\CJG_44_2023_12_09-summary_3.txt,C:/Users/G/Documents/GitHub/audycje.com.pl/content/audio\CJG_44_2023_12_09.txt
voiceapp\output\summaries_folder\mistral-small_20241221_024011\CJG_44_2023_12_09-summary_4.txt,C:/Users/G/Documents/GitHub/audycje.com.pl/content/audio\CJG_44_2023_12_09.txt
voiceapp\output\summaries_folder\mistral-small_20241221_024011\CJG_44_2023_12_09-summary_5.txt,C:/Users/G/Documents/GitHub/audycje.com.pl/content/audio\CJG_44_2023_12_09.txt
voiceapp\output\summaries_folder\mistral-small_20241221_024011\CJG_45_2023_12_16-summary_1.txt,C:/Users/G/Documents/GitHub/audycje.com.pl/content/audio\CJG_45_2023_12_16.txt
voiceapp\output\summaries_folder\mistral-small_20241221_024011\CJG_45_2023_12_16-summary_2.txt,C:/Users/G/Documents/GitHub/audycje.com.pl/content/audio\CJG_45_2023_12_16.txt
voiceapp\output\summaries_folder\mistral-small_20241221_024011\CJG_45_2023_12_16-summary_3.txt,C:/Users/G/Documents/GitHub/audycje.com.pl/content/audio\CJG_45_2023_12_16.txt
voiceapp\output\summaries_folder\mistral-small_20241221_024011\CJG_45_2023_12_16-summary_4.txt,C:/Users/G/Documents/GitHub/audycje.com.pl/content/audio\CJG_45_2023_12_16.txt
voiceapp\output\summaries_folder\mistral-small_20241221_024011\CJG_45_2023_12_16-summary_5.txt,C:/Users/G/Documents/GitHub/audycje.com.pl/content/audio\CJG_45_2023_12_16.txt
voiceapp\output\summaries_folder\mistral-small_20241221_024011\CJG_46_2023_12_23-summary_1.txt,C:/Users/G/Documents/GitHub/audycje.com.pl/content/audio\CJG_46_2023_12_23.txt
voiceapp\output\summaries_folder\mistral-small_20241221_024011\CJG_46_2023_12_23-summary_2.txt,C:/Users/G/Documents/GitHub/audycje.com.pl/content/audio\CJG_46_2023_12_23.txt
voiceapp\output\summaries_folder\mistral-small_20241221_024011\CJG_46_2023_12_23-summary_3.txt,C:/Users/G/Documents/GitHub/audycje.com.pl/content/audio\CJG_46_2023_12_23.txt
voiceapp\output\summaries_folder\mistral-small_20241221_024011\CJG_46_2023_12_23-summary_4.txt,C:/Users/G/Documents/GitHub/audycje.com.pl/content/audio\CJG_46_2023_12_23.txt
voiceapp\output\summaries_folder\mistral-small_20241221_024011\CJG_46_2023_12_23-summary_5.txt,C:/Users/G/Documents/GitHub/audycje.com.pl/content/audio\CJG_46_2023_12_23.txt
voiceapp\output\summaries_folder\mistral-small_20241221_024011\CJG_47_2023_12_30-summary_1.txt,C:/Users/G/Documents/GitHub/audycje.com.pl/content/audio\CJG_47_2023_12_30.txt
voiceapp\output\summaries_folder\mistral-small_20241221_024011\CJG_47_2023_12_30-summary_2.txt,C:/Users/G/Documents/GitHub/audycje.com.pl/content/audio\CJG_47_2023_12_30.txt
voiceapp\output\summaries_folder\mistral-small_20241221_024011\CJG_47_2023_12_30-summary_3.txt,C:/Users/G/Documents/GitHub/audycje.com.pl/content/audio\CJG_47_2023_12_30.txt
voiceapp\output\summaries_folder\mistral-small_20241221_024011\CJG_47_2023_12_30-summary_4.txt,C:/Users/G/Documents/GitHub/audycje.com.pl/content/audio\CJG_47_2023_12_30.txt
voiceapp\output\summaries_folder\mistral-small_20241221_024011\CJG_47_2023_12_30-summary_5.txt,C:/Users/G/Documents/GitHub/audycje.com.pl/content/audio\CJG_47_2023_12_30.txt
voiceapp\output\summaries_folder\mistral-small_20241221_024011\CJG_48_2024_01_06-summary_1.txt,C:/Users/G/Documents/GitHub/audycje.com.pl/content/audio\CJG_48_2024_01_06.txt
voiceapp\output\summaries_folder\mistral-small_20241221_024011\CJG_48_2024_01_06-summary_2.txt,C:/Users/G/Documents/GitHub/audycje.com.pl/content/audio\CJG_48_2024_01_06.txt
voiceapp\output\summaries_folder\mistral-small_20241221_024011\CJG_48_2024_01_06-summary_3.txt,C:/Users/G/Documents/GitHub/audycje.com.pl/content/audio\CJG_48_2024_01_06.txt
voiceapp\output\summaries_folder\mistral-small_20241221_024011\CJG_48_2024_01_06-summary_4.txt,C:/Users/G/Documents/GitHub/audycje.com.pl/content/audio\CJG_48_2024_01_06.txt
voiceapp\output\summaries_folder\mistral-small_20241221_024011\CJG_48_2024_01_06-summary_5.txt,C:/Users/G/Documents/GitHub/audycje.com.pl/content/audio\CJG_48_2024_01_06.txt
voiceapp\output\summaries_folder\mistral-small_20241221_024011\CJG_49_2024_01_13-summary_1.txt,C:/Users/G/Documents/GitHub/audycje.com.pl/content/audio\CJG_49_2024_01_13.txt
voiceapp\output\summaries_folder\mistral-small_20241221_024011\CJG_49_2024_01_13-summary_2.txt,C:/Users/G/Documents/GitHub/audycje.com.pl/content/audio\CJG_49_2024_01_13.txt
voiceapp\output\summaries_folder\mistral-small_20241221_024011\CJG_49_2024_01_13-summary_3.txt,C:/Users/G/Documents/GitHub/audycje.com.pl/content/audio\CJG_49_2024_01_13.txt
voiceapp\output\summaries_folder\mistral-small_20241221_024011\CJG_49_2024_01_13-summary_4.txt,C:/Users/G/Documents/GitHub/audycje.com.pl/content/audio\CJG_49_2024_01_13.txt
voiceapp\output\summaries_folder\mistral-small_20241221_024011\CJG_49_2024_01_13-summary_5.txt,C:/Users/G/Documents/GitHub/audycje.com.pl/content/audio\CJG_49_2024_01_13.txt
voiceapp\output\summaries_folder\mistral-small_20241221_024011\CJG_50_2024_01_20-summary_1.txt,C:/Users/G/Documents/GitHub/audycje.com.pl/content/audio\CJG_50_2024_01_20.txt
voiceapp\output\summaries_folder\mistral-small_20241221_024011\CJG_50_2024_01_20-summary_2.txt,C:/Users/G/Documents/GitHub/audycje.com.pl/content/audio\CJG_50_2024_01_20.txt
voiceapp\output\summaries_folder\mistral-small_20241221_024011\CJG_50_2024_01_20-summary_3.txt,C:/Users/G/Documents/GitHub/audycje.com.pl/content/audio\CJG_50_2024_01_20.txt
voiceapp\output\summaries_folder\mistral-small_20241221_024011\CJG_50_2024_01_20-summary_4.txt,C:/Users/G/Documents/GitHub/audycje.com.pl/content/audio\CJG_50_2024_01_20.txt
voiceapp\output\summaries_folder\mistral-small_20241221_024011\CJG_50_2024_01_20-summary_5.txt,C:/Users/G/Documents/GitHub/audycje.com.pl/content/audio\CJG_50_2024_01_20.txt
voiceapp\output\summaries_folder\mistral-small_20241221_024011\CJG_51_2024_01_27-summary_1.txt,C:/Users/G/Documents/GitHub/audycje.com.pl/content/audio\CJG_51_2024_01_27.txt
voiceapp\output\summaries_folder\mistral-small_20241221_024011\CJG_51_2024_01_27-summary_2.txt,C:/Users/G/Documents/GitHub/audycje.com.pl/content/audio\CJG_51_2024_01_27.txt
voiceapp\output\summaries_folder\mistral-small_20241221_024011\CJG_51_2024_01_27-summary_3.txt,C:/Users/G/Documents/GitHub/audycje.com.pl/content/audio\CJG_51_2024_01_27.txt
voiceapp\output\summaries_folder\mistral-small_20241221_024011\CJG_51_2024_01_27-summary_4.txt,C:/Users/G/Documents/GitHub/audycje.com.pl/content/audio\CJG_51_2024_01_27.txt
voiceapp\output\summaries_folder\mistral-small_20241221_024011\CJG_51_2024_01_27-summary_5.txt,C:/Users/G/Documents/GitHub/audycje.com.pl/content/audio\CJG_51_2024_01_27.txt
voiceapp\output\summaries_folder\mistral-small_20241221_024011\CJG - AI 1-summary_1.txt,C:/Users/G/Documents/GitHub/audycje.com.pl/content/audio\shorts\CJG - AI 1.txt
voiceapp\output\summaries_folder\mistral-small_20241221_024011\CJG - AI 1-summary_2.txt,C:/Users/G/Documents/GitHub/audycje.com.pl/content/audio\shorts\CJG - AI 1.txt
voiceapp\output\summaries_folder\mistral-small_20241221_024011\CJG - AI 1-summary_3.txt,C:/Users/G/Documents/GitHub/audycje.com.pl/content/audio\shorts\CJG - AI 1.txt
voiceapp\output\summaries_folder\mistral-small_20241221_024011\CJG - AI 1-summary_4.txt,C:/Users/G/Documents/GitHub/audycje.com.pl/content/audio\shorts\CJG - AI 1.txt
voiceapp\output\summaries_folder\mistral-small_20241221_024011\CJG - AI 1-summary_5.txt,C:/Users/G/Documents/GitHub/audycje.com.pl/content/audio\shorts\CJG - AI 1.txt
voiceapp\output\summaries_folder\mistral-small_20241221_024011\CJG - ambergold 1-summary_1.txt,C:/Users/G/Documents/GitHub/audycje.com.pl/content/audio\shorts\CJG - ambergold 1.txt
voiceapp\output\summaries_folder\mistral-small_20241221_024011\CJG - ambergold 1-summary_2.txt,C:/Users/G/Documents/GitHub/audycje.com.pl/content/audio\shorts\CJG - ambergold 1.txt
voiceapp\output\summaries_folder\mistral-small_20241221_024011\CJG - ambergold 1-summary_3.txt,C:/Users/G/Documents/GitHub/audycje.com.pl/content/audio\shorts\CJG - ambergold 1.txt
voiceapp\output\summaries_folder\mistral-small_20241221_024011\CJG - ambergold 1-summary_4.txt,C:/Users/G/Documents/GitHub/audycje.com.pl/content/audio\shorts\CJG - ambergold 1.txt
voiceapp\output\summaries_folder\mistral-small_20241221_024011\CJG - ambergold 1-summary_5.txt,C:/Users/G/Documents/GitHub/audycje.com.pl/content/audio\shorts\CJG - ambergold 1.txt
voiceapp\output\summaries_folder\mistral-small_20241221_024011\CJG - anheuser-busch 1-summary_1.txt,C:/Users/G/Documents/GitHub/audycje.com.pl/content/audio\shorts\CJG - anheuser-busch 1.txt
voiceapp\output\summaries_folder\mistral-small_20241221_024011\CJG - anheuser-busch 1-summary_2.txt,C:/Users/G/Documents/GitHub/audycje.com.pl/content/audio\shorts\CJG - anheuser-busch 1.txt
voiceapp\output\summaries_folder\mistral-small_20241221_024011\CJG - anheuser-busch 1-summary_3.txt,C:/Users/G/Documents/GitHub/audycje.com.pl/content/audio\shorts\CJG - anheuser-busch 1.txt
voiceapp\output\summaries_folder\mistral-small_20241221_024011\CJG - anheuser-busch 1-summary_4.txt,C:/Users/G/Documents/GitHub/audycje.com.pl/content/audio\shorts\CJG - anheuser-busch 1.txt
voiceapp\output\summaries_folder\mistral-small_20241221_024011\CJG - anheuser-busch 1-summary_5.txt,C:/Users/G/Documents/GitHub/audycje.com.pl/content/audio\shorts\CJG - anheuser-busch 1.txt
voiceapp\output\summaries_folder\mistral-small_20241221_024011\CJG - C40 1-summary_1.txt,C:/Users/G/Documents/GitHub/audycje.com.pl/content/audio\shorts\CJG - C40 1.txt
voiceapp\output\summaries_folder\mistral-small_20241221_024011\CJG - C40 1-summary_2.txt,C:/Users/G/Documents/GitHub/audycje.com.pl/content/audio\shorts\CJG - C40 1.txt
voiceapp\output\summaries_folder\mistral-small_20241221_024011\CJG - C40 1-summary_3.txt,C:/Users/G/Documents/GitHub/audycje.com.pl/content/audio\shorts\CJG - C40 1.txt
voiceapp\output\summaries_folder\mistral-small_20241221_024011\CJG - C40 1-summary_4.txt,C:/Users/G/Documents/GitHub/audycje.com.pl/content/audio\shorts\CJG - C40 1.txt
voiceapp\output\summaries_folder\mistral-small_20241221_024011\CJG - C40 1-summary_5.txt,C:/Users/G/Documents/GitHub/audycje.com.pl/content/audio\shorts\CJG - C40 1.txt
voiceapp\output\summaries_folder\mistral-small_20241221_024011\CJG - dawne zapowiedzi 1-summary_1.txt,C:/Users/G/Documents/GitHub/audycje.com.pl/content/audio\shorts\CJG - dawne zapowiedzi 1.txt
voiceapp\output\summaries_folder\mistral-small_20241221_024011\CJG - dawne zapowiedzi 1-summary_2.txt,C:/Users/G/Documents/GitHub/audycje.com.pl/content/audio\shorts\CJG - dawne zapowiedzi 1.txt
voiceapp\output\summaries_folder\mistral-small_20241221_024011\CJG - dawne zapowiedzi 1-summary_3.txt,C:/Users/G/Documents/GitHub/audycje.com.pl/content/audio\shorts\CJG - dawne zapowiedzi 1.txt
voiceapp\output\summaries_folder\mistral-small_20241221_024011\CJG - dawne zapowiedzi 1-summary_4.txt,C:/Users/G/Documents/GitHub/audycje.com.pl/content/audio\shorts\CJG - dawne zapowiedzi 1.txt
voiceapp\output\summaries_folder\mistral-small_20241221_024011\CJG - dawne zapowiedzi 1-summary_5.txt,C:/Users/G/Documents/GitHub/audycje.com.pl/content/audio\shorts\CJG - dawne zapowiedzi 1.txt
voiceapp\output\summaries_folder\mistral-small_20241221_024011\CJG - emigracja 1-summary_1.txt,C:/Users/G/Documents/GitHub/audycje.com.pl/content/audio\shorts\CJG - emigracja 1.txt
voiceapp\output\summaries_folder\mistral-small_20241221_024011\CJG - emigracja 1-summary_2.txt,C:/Users/G/Documents/GitHub/audycje.com.pl/content/audio\shorts\CJG - emigracja 1.txt
voiceapp\output\summaries_folder\mistral-small_20241221_024011\CJG - emigracja 1-summary_3.txt,C:/Users/G/Documents/GitHub/audycje.com.pl/content/audio\shorts\CJG - emigracja 1.txt
voiceapp\output\summaries_folder\mistral-small_20241221_024011\CJG - emigracja 1-summary_4.txt,C:/Users/G/Documents/GitHub/audycje.com.pl/content/audio\shorts\CJG - emigracja 1.txt
voiceapp\output\summaries_folder\mistral-small_20241221_024011\CJG - emigracja 1-summary_5.txt,C:/Users/G/Documents/GitHub/audycje.com.pl/content/audio\shorts\CJG - emigracja 1.txt
voiceapp\output\summaries_folder\mistral-small_20241221_024011\CJG - evergrande 1-summary_1.txt,C:/Users/G/Documents/GitHub/audycje.com.pl/content/audio\shorts\CJG - evergrande 1.txt
voiceapp\output\summaries_folder\mistral-small_20241221_024011\CJG - evergrande 1-summary_2.txt,C:/Users/G/Documents/GitHub/audycje.com.pl/content/audio\shorts\CJG - evergrande 1.txt
voiceapp\output\summaries_folder\mistral-small_20241221_024011\CJG - evergrande 1-summary_3.txt,C:/Users/G/Documents/GitHub/audycje.com.pl/content/audio\shorts\CJG - evergrande 1.txt
voiceapp\output\summaries_folder\mistral-small_20241221_024011\CJG - evergrande 1-summary_4.txt,C:/Users/G/Documents/GitHub/audycje.com.pl/content/audio\shorts\CJG - evergrande 1.txt
voiceapp\output\summaries_folder\mistral-small_20241221_024011\CJG - evergrande 1-summary_5.txt,C:/Users/G/Documents/GitHub/audycje.com.pl/content/audio\shorts\CJG - evergrande 1.txt
voiceapp\output\summaries_folder\mistral-small_20241221_024011\CJG - firmy w polsce cz1-summary_1.txt,C:/Users/G/Documents/GitHub/audycje.com.pl/content/audio\shorts\CJG - firmy w polsce cz1.txt
voiceapp\output\summaries_folder\mistral-small_20241221_024011\CJG - firmy w polsce cz1-summary_2.txt,C:/Users/G/Documents/GitHub/audycje.com.pl/content/audio\shorts\CJG - firmy w polsce cz1.txt
voiceapp\output\summaries_folder\mistral-small_20241221_024011\CJG - firmy w polsce cz1-summary_3.txt,C:/Users/G/Documents/GitHub/audycje.com.pl/content/audio\shorts\CJG - firmy w polsce cz1.txt
voiceapp\output\summaries_folder\mistral-small_20241221_024011\CJG - firmy w polsce cz1-summary_4.txt,C:/Users/G/Documents/GitHub/audycje.com.pl/content/audio\shorts\CJG - firmy w polsce cz1.txt
voiceapp\output\summaries_folder\mistral-small_20241221_024011\CJG - firmy w polsce cz1-summary_5.txt,C:/Users/G/Documents/GitHub/audycje.com.pl/content/audio\shorts\CJG - firmy w polsce cz1.txt
voiceapp\output\summaries_folder\mistral-small_20241221_024011\CJG - fotowoltaika 1-summary_1.txt,C:/Users/G/Documents/GitHub/audycje.com.pl/content/audio\shorts\CJG - fotowoltaika 1.txt
voiceapp\output\summaries_folder\mistral-small_20241221_024011\CJG - fotowoltaika 1-summary_2.txt,C:/Users/G/Documents/GitHub/audycje.com.pl/content/audio\shorts\CJG - fotowoltaika 1.txt
voiceapp\output\summaries_folder\mistral-small_20241221_024011\CJG - fotowoltaika 1-summary_3.txt,C:/Users/G/Documents/GitHub/audycje.com.pl/content/audio\shorts\CJG - fotowoltaika 1.txt
voiceapp\output\summaries_folder\mistral-small_20241221_024011\CJG - fotowoltaika 1-summary_4.txt,C:/Users/G/Documents/GitHub/audycje.com.pl/content/audio\shorts\CJG - fotowoltaika 1.txt
voiceapp\output\summaries_folder\mistral-small_20241221_024011\CJG - fotowoltaika 1-summary_5.txt,C:/Users/G/Documents/GitHub/audycje.com.pl/content/audio\shorts\CJG - fotowoltaika 1.txt
voiceapp\output\summaries_folder\mistral-small_20241221_024011\CJG - hamas 1-summary_1.txt,C:/Users/G/Documents/GitHub/audycje.com.pl/content/audio\shorts\CJG - hamas 1.txt
voiceapp\output\summaries_folder\mistral-small_20241221_024011\CJG - hamas 1-summary_2.txt,C:/Users/G/Documents/GitHub/audycje.com.pl/content/audio\shorts\CJG - hamas 1.txt
voiceapp\output\summaries_folder\mistral-small_20241221_024011\CJG - hamas 1-summary_3.txt,C:/Users/G/Documents/GitHub/audycje.com.pl/content/audio\shorts\CJG - hamas 1.txt
voiceapp\output\summaries_folder\mistral-small_20241221_024011\CJG - hamas 1-summary_4.txt,C:/Users/G/Documents/GitHub/audycje.com.pl/content/audio\shorts\CJG - hamas 1.txt
voiceapp\output\summaries_folder\mistral-small_20241221_024011\CJG - hamas 1-summary_5.txt,C:/Users/G/Documents/GitHub/audycje.com.pl/content/audio\shorts\CJG - hamas 1.txt
voiceapp\output\summaries_folder\mistral-small_20241221_024011\CJG - inflacja i nbp 1-summary_1.txt,C:/Users/G/Documents/GitHub/audycje.com.pl/content/audio\shorts\CJG - inflacja i nbp 1.txt
voiceapp\output\summaries_folder\mistral-small_20241221_024011\CJG - inflacja i nbp 1-summary_2.txt,C:/Users/G/Documents/GitHub/audycje.com.pl/content/audio\shorts\CJG - inflacja i nbp 1.txt
voiceapp\output\summaries_folder\mistral-small_20241221_024011\CJG - inflacja i nbp 1-summary_3.txt,C:/Users/G/Documents/GitHub/audycje.com.pl/content/audio\shorts\CJG - inflacja i nbp 1.txt
voiceapp\output\summaries_folder\mistral-small_20241221_024011\CJG - inflacja i nbp 1-summary_4.txt,C:/Users/G/Documents/GitHub/audycje.com.pl/content/audio\shorts\CJG - inflacja i nbp 1.txt
voiceapp\output\summaries_folder\mistral-small_20241221_024011\CJG - inflacja i nbp 1-summary_5.txt,C:/Users/G/Documents/GitHub/audycje.com.pl/content/audio\shorts\CJG - inflacja i nbp 1.txt
voiceapp\output\summaries_folder\mistral-small_20241221_024011\CJG - influencerzy 1-summary_1.txt,C:/Users/G/Documents/GitHub/audycje.com.pl/content/audio\shorts\CJG - influencerzy 1.txt
voiceapp\output\summaries_folder\mistral-small_20241221_024011\CJG - influencerzy 1-summary_2.txt,C:/Users/G/Documents/GitHub/audycje.com.pl/content/audio\shorts\CJG - influencerzy 1.txt
voiceapp\output\summaries_folder\mistral-small_20241221_024011\CJG - influencerzy 1-summary_3.txt,C:/Users/G/Documents/GitHub/audycje.com.pl/content/audio\shorts\CJG - influencerzy 1.txt
voiceapp\output\summaries_folder\mistral-small_20241221_024011\CJG - influencerzy 1-summary_4.txt,C:/Users/G/Documents/GitHub/audycje.com.pl/content/audio\shorts\CJG - influencerzy 1.txt
voiceapp\output\summaries_folder\mistral-small_20241221_024011\CJG - influencerzy 1-summary_5.txt,C:/Users/G/Documents/GitHub/audycje.com.pl/content/audio\shorts\CJG - influencerzy 1.txt
voiceapp\output\summaries_folder\mistral-small_20241221_024011\CJG - japonia 1-summary_1.txt,C:/Users/G/Documents/GitHub/audycje.com.pl/content/audio\shorts\CJG - japonia 1.txt
voiceapp\output\summaries_folder\mistral-small_20241221_024011\CJG - japonia 1-summary_2.txt,C:/Users/G/Documents/GitHub/audycje.com.pl/content/audio\shorts\CJG - japonia 1.txt
voiceapp\output\summaries_folder\mistral-small_20241221_024011\CJG - japonia 1-summary_3.txt,C:/Users/G/Documents/GitHub/audycje.com.pl/content/audio\shorts\CJG - japonia 1.txt
voiceapp\output\summaries_folder\mistral-small_20241221_024011\CJG - japonia 1-summary_4.txt,C:/Users/G/Documents/GitHub/audycje.com.pl/content/audio\shorts\CJG - japonia 1.txt
voiceapp\output\summaries_folder\mistral-small_20241221_024011\CJG - japonia 1-summary_5.txt,C:/Users/G/Documents/GitHub/audycje.com.pl/content/audio\shorts\CJG - japonia 1.txt
voiceapp\output\summaries_folder\mistral-small_20241221_024011\CJG - jastrzab 1-summary_1.txt,C:/Users/G/Documents/GitHub/audycje.com.pl/content/audio\shorts\CJG - jastrzab 1.txt
voiceapp\output\summaries_folder\mistral-small_20241221_024011\CJG - jastrzab 1-summary_2.txt,C:/Users/G/Documents/GitHub/audycje.com.pl/content/audio\shorts\CJG - jastrzab 1.txt
voiceapp\output\summaries_folder\mistral-small_20241221_024011\CJG - jastrzab 1-summary_3.txt,C:/Users/G/Documents/GitHub/audycje.com.pl/content/audio\shorts\CJG - jastrzab 1.txt
voiceapp\output\summaries_folder\mistral-small_20241221_024011\CJG - jastrzab 1-summary_4.txt,C:/Users/G/Documents/GitHub/audycje.com.pl/content/audio\shorts\CJG - jastrzab 1.txt
voiceapp\output\summaries_folder\mistral-small_20241221_024011\CJG - jastrzab 1-summary_5.txt,C:/Users/G/Documents/GitHub/audycje.com.pl/content/audio\shorts\CJG - jastrzab 1.txt
voiceapp\output\summaries_folder\mistral-small_20241221_024011\CJG - jubileusz 1-summary_1.txt,C:/Users/G/Documents/GitHub/audycje.com.pl/content/audio\shorts\CJG - jubileusz 1.txt
voiceapp\output\summaries_folder\mistral-small_20241221_024011\CJG - jubileusz 1-summary_2.txt,C:/Users/G/Documents/GitHub/audycje.com.pl/content/audio\shorts\CJG - jubileusz 1.txt
voiceapp\output\summaries_folder\mistral-small_20241221_024011\CJG - jubileusz 1-summary_3.txt,C:/Users/G/Documents/GitHub/audycje.com.pl/content/audio\shorts\CJG - jubileusz 1.txt
voiceapp\output\summaries_folder\mistral-small_20241221_024011\CJG - jubileusz 1-summary_4.txt,C:/Users/G/Documents/GitHub/audycje.com.pl/content/audio\shorts\CJG - jubileusz 1.txt
voiceapp\output\summaries_folder\mistral-small_20241221_024011\CJG - jubileusz 1-summary_5.txt,C:/Users/G/Documents/GitHub/audycje.com.pl/content/audio\shorts\CJG - jubileusz 1.txt
voiceapp\output\summaries_folder\mistral-small_20241221_024011\CJG - kataster 1-summary_1.txt,C:/Users/G/Documents/GitHub/audycje.com.pl/content/audio\shorts\CJG - kataster 1.txt
voiceapp\output\summaries_folder\mistral-small_20241221_024011\CJG - kataster 1-summary_2.txt,C:/Users/G/Documents/GitHub/audycje.com.pl/content/audio\shorts\CJG - kataster 1.txt
voiceapp\output\summaries_folder\mistral-small_20241221_024011\CJG - kataster 1-summary_3.txt,C:/Users/G/Documents/GitHub/audycje.com.pl/content/audio\shorts\CJG - kataster 1.txt
voiceapp\output\summaries_folder\mistral-small_20241221_024011\CJG - kataster 1-summary_4.txt,C:/Users/G/Documents/GitHub/audycje.com.pl/content/audio\shorts\CJG - kataster 1.txt
voiceapp\output\summaries_folder\mistral-small_20241221_024011\CJG - kataster 1-summary_5.txt,C:/Users/G/Documents/GitHub/audycje.com.pl/content/audio\shorts\CJG - kataster 1.txt
voiceapp\output\summaries_folder\mistral-small_20241221_024011\CJG - kierowcy 1-summary_1.txt,C:/Users/G/Documents/GitHub/audycje.com.pl/content/audio\shorts\CJG - kierowcy 1.txt
voiceapp\output\summaries_folder\mistral-small_20241221_024011\CJG - kierowcy 1-summary_2.txt,C:/Users/G/Documents/GitHub/audycje.com.pl/content/audio\shorts\CJG - kierowcy 1.txt
voiceapp\output\summaries_folder\mistral-small_20241221_024011\CJG - kierowcy 1-summary_3.txt,C:/Users/G/Documents/GitHub/audycje.com.pl/content/audio\shorts\CJG - kierowcy 1.txt
voiceapp\output\summaries_folder\mistral-small_20241221_024011\CJG - kierowcy 1-summary_4.txt,C:/Users/G/Documents/GitHub/audycje.com.pl/content/audio\shorts\CJG - kierowcy 1.txt
voiceapp\output\summaries_folder\mistral-small_20241221_024011\CJG - kierowcy 1-summary_5.txt,C:/Users/G/Documents/GitHub/audycje.com.pl/content/audio\shorts\CJG - kierowcy 1.txt
voiceapp\output\summaries_folder\mistral-small_20241221_024011\CJG - koniec roku 1-summary_1.txt,C:/Users/G/Documents/GitHub/audycje.com.pl/content/audio\shorts\CJG - koniec roku 1.txt
voiceapp\output\summaries_folder\mistral-small_20241221_024011\CJG - koniec roku 1-summary_2.txt,C:/Users/G/Documents/GitHub/audycje.com.pl/content/audio\shorts\CJG - koniec roku 1.txt
voiceapp\output\summaries_folder\mistral-small_20241221_024011\CJG - koniec roku 1-summary_3.txt,C:/Users/G/Documents/GitHub/audycje.com.pl/content/audio\shorts\CJG - koniec roku 1.txt
voiceapp\output\summaries_folder\mistral-small_20241221_024011\CJG - koniec roku 1-summary_4.txt,C:/Users/G/Documents/GitHub/audycje.com.pl/content/audio\shorts\CJG - koniec roku 1.txt
voiceapp\output\summaries_folder\mistral-small_20241221_024011\CJG - koniec roku 1-summary_5.txt,C:/Users/G/Documents/GitHub/audycje.com.pl/content/audio\shorts\CJG - koniec roku 1.txt
voiceapp\output\summaries_folder\mistral-small_20241221_024011\CJG - kurczaki 1-summary_1.txt,C:/Users/G/Documents/GitHub/audycje.com.pl/content/audio\shorts\CJG - kurczaki 1.txt
voiceapp\output\summaries_folder\mistral-small_20241221_024011\CJG - kurczaki 1-summary_2.txt,C:/Users/G/Documents/GitHub/audycje.com.pl/content/audio\shorts\CJG - kurczaki 1.txt
voiceapp\output\summaries_folder\mistral-small_20241221_024011\CJG - kurczaki 1-summary_3.txt,C:/Users/G/Documents/GitHub/audycje.com.pl/content/audio\shorts\CJG - kurczaki 1.txt
voiceapp\output\summaries_folder\mistral-small_20241221_024011\CJG - kurczaki 1-summary_4.txt,C:/Users/G/Documents/GitHub/audycje.com.pl/content/audio\shorts\CJG - kurczaki 1.txt
voiceapp\output\summaries_folder\mistral-small_20241221_024011\CJG - kurczaki 1-summary_5.txt,C:/Users/G/Documents/GitHub/audycje.com.pl/content/audio\shorts\CJG - kurczaki 1.txt
voiceapp\output\summaries_folder\mistral-small_20241221_024011\CJG - mieszkania cz1-summary_1.txt,C:/Users/G/Documents/GitHub/audycje.com.pl/content/audio\shorts\CJG - mieszkania cz1.txt
voiceapp\output\summaries_folder\mistral-small_20241221_024011\CJG - mieszkania cz1-summary_2.txt,C:/Users/G/Documents/GitHub/audycje.com.pl/content/audio\shorts\CJG - mieszkania cz1.txt
voiceapp\output\summaries_folder\mistral-small_20241221_024011\CJG - mieszkania cz1-summary_3.txt,C:/Users/G/Documents/GitHub/audycje.com.pl/content/audio\shorts\CJG - mieszkania cz1.txt
voiceapp\output\summaries_folder\mistral-small_20241221_024011\CJG - mieszkania cz1-summary_4.txt,C:/Users/G/Documents/GitHub/audycje.com.pl/content/audio\shorts\CJG - mieszkania cz1.txt
voiceapp\output\summaries_folder\mistral-small_20241221_024011\CJG - mieszkania cz1-summary_5.txt,C:/Users/G/Documents/GitHub/audycje.com.pl/content/audio\shorts\CJG - mieszkania cz1.txt
voiceapp\output\summaries_folder\mistral-small_20241221_024011\CJG - miliarderzy 1-summary_1.txt,C:/Users/G/Documents/GitHub/audycje.com.pl/content/audio\shorts\CJG - miliarderzy 1.txt
voiceapp\output\summaries_folder\mistral-small_20241221_024011\CJG - miliarderzy 1-summary_2.txt,C:/Users/G/Documents/GitHub/audycje.com.pl/content/audio\shorts\CJG - miliarderzy 1.txt
voiceapp\output\summaries_folder\mistral-small_20241221_024011\CJG - miliarderzy 1-summary_3.txt,C:/Users/G/Documents/GitHub/audycje.com.pl/content/audio\shorts\CJG - miliarderzy 1.txt
voiceapp\output\summaries_folder\mistral-small_20241221_024011\CJG - miliarderzy 1-summary_4.txt,C:/Users/G/Documents/GitHub/audycje.com.pl/content/audio\shorts\CJG - miliarderzy 1.txt
voiceapp\output\summaries_folder\mistral-small_20241221_024011\CJG - miliarderzy 1-summary_5.txt,C:/Users/G/Documents/GitHub/audycje.com.pl/content/audio\shorts\CJG - miliarderzy 1.txt
voiceapp\output\summaries_folder\mistral-small_20241221_024011\CJG - monopol energetyczny 1-summary_1.txt,C:/Users/G/Documents/GitHub/audycje.com.pl/content/audio\shorts\CJG - monopol energetyczny 1.txt
voiceapp\output\summaries_folder\mistral-small_20241221_024011\CJG - monopol energetyczny 1-summary_2.txt,C:/Users/G/Documents/GitHub/audycje.com.pl/content/audio\shorts\CJG - monopol energetyczny 1.txt
voiceapp\output\summaries_folder\mistral-small_20241221_024011\CJG - monopol energetyczny 1-summary_3.txt,C:/Users/G/Documents/GitHub/audycje.com.pl/content/audio\shorts\CJG - monopol energetyczny 1.txt
voiceapp\output\summaries_folder\mistral-small_20241221_024011\CJG - monopol energetyczny 1-summary_4.txt,C:/Users/G/Documents/GitHub/audycje.com.pl/content/audio\shorts\CJG - monopol energetyczny 1.txt
voiceapp\output\summaries_folder\mistral-small_20241221_024011\CJG - monopol energetyczny 1-summary_5.txt,C:/Users/G/Documents/GitHub/audycje.com.pl/content/audio\shorts\CJG - monopol energetyczny 1.txt
voiceapp\output\summaries_folder\mistral-small_20241221_024011\CJG - niemcy 1-summary_1.txt,C:/Users/G/Documents/GitHub/audycje.com.pl/content/audio\shorts\CJG - niemcy 1.txt
voiceapp\output\summaries_folder\mistral-small_20241221_024011\CJG - niemcy 1-summary_2.txt,C:/Users/G/Documents/GitHub/audycje.com.pl/content/audio\shorts\CJG - niemcy 1.txt
voiceapp\output\summaries_folder\mistral-small_20241221_024011\CJG - niemcy 1-summary_3.txt,C:/Users/G/Documents/GitHub/audycje.com.pl/content/audio\shorts\CJG - niemcy 1.txt
voiceapp\output\summaries_folder\mistral-small_20241221_024011\CJG - niemcy 1-summary_4.txt,C:/Users/G/Documents/GitHub/audycje.com.pl/content/audio\shorts\CJG - niemcy 1.txt
voiceapp\output\summaries_folder\mistral-small_20241221_024011\CJG - niemcy 1-summary_5.txt,C:/Users/G/Documents/GitHub/audycje.com.pl/content/audio\shorts\CJG - niemcy 1.txt
voiceapp\output\summaries_folder\mistral-small_20241221_024011\CJG - orlen 1-summary_1.txt,C:/Users/G/Documents/GitHub/audycje.com.pl/content/audio\shorts\CJG - orlen 1.txt
voiceapp\output\summaries_folder\mistral-small_20241221_024011\CJG - orlen 1-summary_2.txt,C:/Users/G/Documents/GitHub/audycje.com.pl/content/audio\shorts\CJG - orlen 1.txt
voiceapp\output\summaries_folder\mistral-small_20241221_024011\CJG - orlen 1-summary_3.txt,C:/Users/G/Documents/GitHub/audycje.com.pl/content/audio\shorts\CJG - orlen 1.txt
voiceapp\output\summaries_folder\mistral-small_20241221_024011\CJG - orlen 1-summary_4.txt,C:/Users/G/Documents/GitHub/audycje.com.pl/content/audio\shorts\CJG - orlen 1.txt
voiceapp\output\summaries_folder\mistral-small_20241221_024011\CJG - orlen 1-summary_5.txt,C:/Users/G/Documents/GitHub/audycje.com.pl/content/audio\shorts\CJG - orlen 1.txt
voiceapp\output\summaries_folder\mistral-small_20241221_024011\CJG - paliwo wyborcze 1-summary_1.txt,C:/Users/G/Documents/GitHub/audycje.com.pl/content/audio\shorts\CJG - paliwo wyborcze 1.txt
voiceapp\output\summaries_folder\mistral-small_20241221_024011\CJG - paliwo wyborcze 1-summary_2.txt,C:/Users/G/Documents/GitHub/audycje.com.pl/content/audio\shorts\CJG - paliwo wyborcze 1.txt
voiceapp\output\summaries_folder\mistral-small_20241221_024011\CJG - paliwo wyborcze 1-summary_3.txt,C:/Users/G/Documents/GitHub/audycje.com.pl/content/audio\shorts\CJG - paliwo wyborcze 1.txt
voiceapp\output\summaries_folder\mistral-small_20241221_024011\CJG - paliwo wyborcze 1-summary_4.txt,C:/Users/G/Documents/GitHub/audycje.com.pl/content/audio\shorts\CJG - paliwo wyborcze 1.txt
voiceapp\output\summaries_folder\mistral-small_20241221_024011\CJG - paliwo wyborcze 1-summary_5.txt,C:/Users/G/Documents/GitHub/audycje.com.pl/content/audio\shorts\CJG - paliwo wyborcze 1.txt
voiceapp\output\summaries_folder\mistral-small_20241221_024011\CJG - pompy ciepla 1-summary_1.txt,C:/Users/G/Documents/GitHub/audycje.com.pl/content/audio\shorts\CJG - pompy ciepla 1.txt
voiceapp\output\summaries_folder\mistral-small_20241221_024011\CJG - pompy ciepla 1-summary_2.txt,C:/Users/G/Documents/GitHub/audycje.com.pl/content/audio\shorts\CJG - pompy ciepla 1.txt
voiceapp\output\summaries_folder\mistral-small_20241221_024011\CJG - pompy ciepla 1-summary_3.txt,C:/Users/G/Documents/GitHub/audycje.com.pl/content/audio\shorts\CJG - pompy ciepla 1.txt
voiceapp\output\summaries_folder\mistral-small_20241221_024011\CJG - pompy ciepla 1-summary_4.txt,C:/Users/G/Documents/GitHub/audycje.com.pl/content/audio\shorts\CJG - pompy ciepla 1.txt
voiceapp\output\summaries_folder\mistral-small_20241221_024011\CJG - pompy ciepla 1-summary_5.txt,C:/Users/G/Documents/GitHub/audycje.com.pl/content/audio\shorts\CJG - pompy ciepla 1.txt
voiceapp\output\summaries_folder\mistral-small_20241221_024011\CJG - punkt zwrotny usa 1-summary_1.txt,C:/Users/G/Documents/GitHub/audycje.com.pl/content/audio\shorts\CJG - punkt zwrotny usa 1.txt
voiceapp\output\summaries_folder\mistral-small_20241221_024011\CJG - punkt zwrotny usa 1-summary_2.txt,C:/Users/G/Documents/GitHub/audycje.com.pl/content/audio\shorts\CJG - punkt zwrotny usa 1.txt
voiceapp\output\summaries_folder\mistral-small_20241221_024011\CJG - punkt zwrotny usa 1-summary_3.txt,C:/Users/G/Documents/GitHub/audycje.com.pl/content/audio\shorts\CJG - punkt zwrotny usa 1.txt
voiceapp\output\summaries_folder\mistral-small_20241221_024011\CJG - punkt zwrotny usa 1-summary_4.txt,C:/Users/G/Documents/GitHub/audycje.com.pl/content/audio\shorts\CJG - punkt zwrotny usa 1.txt
voiceapp\output\summaries_folder\mistral-small_20241221_024011\CJG - punkt zwrotny usa 1-summary_5.txt,C:/Users/G/Documents/GitHub/audycje.com.pl/content/audio\shorts\CJG - punkt zwrotny usa 1.txt
voiceapp\output\summaries_folder\mistral-small_20241221_024011\CJG - robaki 1-summary_1.txt,C:/Users/G/Documents/GitHub/audycje.com.pl/content/audio\shorts\CJG - robaki 1.txt
voiceapp\output\summaries_folder\mistral-small_20241221_024011\CJG - robaki 1-summary_2.txt,C:/Users/G/Documents/GitHub/audycje.com.pl/content/audio\shorts\CJG - robaki 1.txt
voiceapp\output\summaries_folder\mistral-small_20241221_024011\CJG - robaki 1-summary_3.txt,C:/Users/G/Documents/GitHub/audycje.com.pl/content/audio\shorts\CJG - robaki 1.txt
voiceapp\output\summaries_folder\mistral-small_20241221_024011\CJG - robaki 1-summary_4.txt,C:/Users/G/Documents/GitHub/audycje.com.pl/content/audio\shorts\CJG - robaki 1.txt
voiceapp\output\summaries_folder\mistral-small_20241221_024011\CJG - robaki 1-summary_5.txt,C:/Users/G/Documents/GitHub/audycje.com.pl/content/audio\shorts\CJG - robaki 1.txt
voiceapp\output\summaries_folder\mistral-small_20241221_024011\CJG - rok 2022 1-summary_1.txt,C:/Users/G/Documents/GitHub/audycje.com.pl/content/audio\shorts\CJG - rok 2022 1.txt
voiceapp\output\summaries_folder\mistral-small_20241221_024011\CJG - rok 2022 1-summary_2.txt,C:/Users/G/Documents/GitHub/audycje.com.pl/content/audio\shorts\CJG - rok 2022 1.txt
voiceapp\output\summaries_folder\mistral-small_20241221_024011\CJG - rok 2022 1-summary_3.txt,C:/Users/G/Documents/GitHub/audycje.com.pl/content/audio\shorts\CJG - rok 2022 1.txt
voiceapp\output\summaries_folder\mistral-small_20241221_024011\CJG - rok 2022 1-summary_4.txt,C:/Users/G/Documents/GitHub/audycje.com.pl/content/audio\shorts\CJG - rok 2022 1.txt
voiceapp\output\summaries_folder\mistral-small_20241221_024011\CJG - rok 2022 1-summary_5.txt,C:/Users/G/Documents/GitHub/audycje.com.pl/content/audio\shorts\CJG - rok 2022 1.txt
voiceapp\output\summaries_folder\mistral-small_20241221_024011\CJG - rosja 1-summary_1.txt,C:/Users/G/Documents/GitHub/audycje.com.pl/content/audio\shorts\CJG - rosja 1.txt
voiceapp\output\summaries_folder\mistral-small_20241221_024011\CJG - rosja 1-summary_2.txt,C:/Users/G/Documents/GitHub/audycje.com.pl/content/audio\shorts\CJG - rosja 1.txt
voiceapp\output\summaries_folder\mistral-small_20241221_024011\CJG - rosja 1-summary_3.txt,C:/Users/G/Documents/GitHub/audycje.com.pl/content/audio\shorts\CJG - rosja 1.txt
voiceapp\output\summaries_folder\mistral-small_20241221_024011\CJG - rosja 1-summary_4.txt,C:/Users/G/Documents/GitHub/audycje.com.pl/content/audio\shorts\CJG - rosja 1.txt
voiceapp\output\summaries_folder\mistral-small_20241221_024011\CJG - rosja 1-summary_5.txt,C:/Users/G/Documents/GitHub/audycje.com.pl/content/audio\shorts\CJG - rosja 1.txt
voiceapp\output\summaries_folder\mistral-small_20241221_024011\CJG - samochody elektryczne mk2 1-summary_1.txt,C:/Users/G/Documents/GitHub/audycje.com.pl/content/audio\shorts\CJG - samochody elektryczne mk2 1.txt
voiceapp\output\summaries_folder\mistral-small_20241221_024011\CJG - samochody elektryczne mk2 1-summary_2.txt,C:/Users/G/Documents/GitHub/audycje.com.pl/content/audio\shorts\CJG - samochody elektryczne mk2 1.txt
voiceapp\output\summaries_folder\mistral-small_20241221_024011\CJG - samochody elektryczne mk2 1-summary_3.txt,C:/Users/G/Documents/GitHub/audycje.com.pl/content/audio\shorts\CJG - samochody elektryczne mk2 1.txt
voiceapp\output\summaries_folder\mistral-small_20241221_024011\CJG - samochody elektryczne mk2 1-summary_4.txt,C:/Users/G/Documents/GitHub/audycje.com.pl/content/audio\shorts\CJG - samochody elektryczne mk2 1.txt
voiceapp\output\summaries_folder\mistral-small_20241221_024011\CJG - samochody elektryczne mk2 1-summary_5.txt,C:/Users/G/Documents/GitHub/audycje.com.pl/content/audio\shorts\CJG - samochody elektryczne mk2 1.txt
voiceapp\output\summaries_folder\mistral-small_20241221_024011\CJG - si 1-summary_1.txt,C:/Users/G/Documents/GitHub/audycje.com.pl/content/audio\shorts\CJG - si 1.txt
voiceapp\output\summaries_folder\mistral-small_20241221_024011\CJG - si 1-summary_2.txt,C:/Users/G/Documents/GitHub/audycje.com.pl/content/audio\shorts\CJG - si 1.txt
voiceapp\output\summaries_folder\mistral-small_20241221_024011\CJG - si 1-summary_3.txt,C:/Users/G/Documents/GitHub/audycje.com.pl/content/audio\shorts\CJG - si 1.txt
voiceapp\output\summaries_folder\mistral-small_20241221_024011\CJG - si 1-summary_4.txt,C:/Users/G/Documents/GitHub/audycje.com.pl/content/audio\shorts\CJG - si 1.txt
voiceapp\output\summaries_folder\mistral-small_20241221_024011\CJG - si 1-summary_5.txt,C:/Users/G/Documents/GitHub/audycje.com.pl/content/audio\shorts\CJG - si 1.txt
voiceapp\output\summaries_folder\mistral-small_20241221_024011\CJG - wagner 1-summary_1.txt,C:/Users/G/Documents/GitHub/audycje.com.pl/content/audio\shorts\CJG - wagner 1.txt
voiceapp\output\summaries_folder\mistral-small_20241221_024011\CJG - wagner 1-summary_2.txt,C:/Users/G/Documents/GitHub/audycje.com.pl/content/audio\shorts\CJG - wagner 1.txt
voiceapp\output\summaries_folder\mistral-small_20241221_024011\CJG - wagner 1-summary_3.txt,C:/Users/G/Documents/GitHub/audycje.com.pl/content/audio\shorts\CJG - wagner 1.txt
voiceapp\output\summaries_folder\mistral-small_20241221_024011\CJG - wagner 1-summary_4.txt,C:/Users/G/Documents/GitHub/audycje.com.pl/content/audio\shorts\CJG - wagner 1.txt
voiceapp\output\summaries_folder\mistral-small_20241221_024011\CJG - wagner 1-summary_5.txt,C:/Users/G/Documents/GitHub/audycje.com.pl/content/audio\shorts\CJG - wagner 1.txt
voiceapp\output\summaries_folder\mistral-small_20241221_024011\CJG - wojna 1-summary_1.txt,C:/Users/G/Documents/GitHub/audycje.com.pl/content/audio\shorts\CJG - wojna 1.txt
voiceapp\output\summaries_folder\mistral-small_20241221_024011\CJG - wojna 1-summary_2.txt,C:/Users/G/Documents/GitHub/audycje.com.pl/content/audio\shorts\CJG - wojna 1.txt
voiceapp\output\summaries_folder\mistral-small_20241221_024011\CJG - wojna 1-summary_3.txt,C:/Users/G/Documents/GitHub/audycje.com.pl/content/audio\shorts\CJG - wojna 1.txt
voiceapp\output\summaries_folder\mistral-small_20241221_024011\CJG - wojna 1-summary_4.txt,C:/Users/G/Documents/GitHub/audycje.com.pl/content/audio\shorts\CJG - wojna 1.txt
voiceapp\output\summaries_folder\mistral-small_20241221_024011\CJG - wojna 1-summary_5.txt,C:/Users/G/Documents/GitHub/audycje.com.pl/content/audio\shorts\CJG - wojna 1.txt
voiceapp\output\summaries_folder\mistral-small_20241221_024011\CJG - woke cz1-summary_1.txt,C:/Users/G/Documents/GitHub/audycje.com.pl/content/audio\shorts\CJG - woke cz1.txt
voiceapp\output\summaries_folder\mistral-small_20241221_024011\CJG - woke cz1-summary_2.txt,C:/Users/G/Documents/GitHub/audycje.com.pl/content/audio\shorts\CJG - woke cz1.txt
voiceapp\output\summaries_folder\mistral-small_20241221_024011\CJG - woke cz1-summary_3.txt,C:/Users/G/Documents/GitHub/audycje.com.pl/content/audio\shorts\CJG - woke cz1.txt
voiceapp\output\summaries_folder\mistral-small_20241221_024011\CJG - woke cz1-summary_4.txt,C:/Users/G/Documents/GitHub/audycje.com.pl/content/audio\shorts\CJG - woke cz1.txt
voiceapp\output\summaries_folder\mistral-small_20241221_024011\CJG - woke cz1-summary_5.txt,C:/Users/G/Documents/GitHub/audycje.com.pl/content/audio\shorts\CJG - woke cz1.txt
voiceapp\output\summaries_folder\mistral-small_20241221_024011\CJG - wyrownana plus wierszyk-summary_1.txt,C:/Users/G/Documents/GitHub/audycje.com.pl/content/audio\shorts\CJG - wyrownana plus wierszyk.txt
voiceapp\output\summaries_folder\mistral-small_20241221_024011\CJG - wyrownana plus wierszyk-summary_2.txt,C:/Users/G/Documents/GitHub/audycje.com.pl/content/audio\shorts\CJG - wyrownana plus wierszyk.txt
voiceapp\output\summaries_folder\mistral-small_20241221_024011\CJG - wyrownana plus wierszyk-summary_3.txt,C:/Users/G/Documents/GitHub/audycje.com.pl/content/audio\shorts\CJG - wyrownana plus wierszyk.txt
voiceapp\output\summaries_folder\mistral-small_20241221_024011\CJG - wyrownana plus wierszyk-summary_4.txt,C:/Users/G/Documents/GitHub/audycje.com.pl/content/audio\shorts\CJG - wyrownana plus wierszyk.txt
voiceapp\output\summaries_folder\mistral-small_20241221_024011\CJG - wyrownana plus wierszyk-summary_5.txt,C:/Users/G/Documents/GitHub/audycje.com.pl/content/audio\shorts\CJG - wyrownana plus wierszyk.txt
voiceapp\output\summaries_folder\mistral-small_20241221_024011\CJG - zarobki 1-summary_1.txt,C:/Users/G/Documents/GitHub/audycje.com.pl/content/audio\shorts\CJG - zarobki 1.txt
voiceapp\output\summaries_folder\mistral-small_20241221_024011\CJG - zarobki 1-summary_2.txt,C:/Users/G/Documents/GitHub/audycje.com.pl/content/audio\shorts\CJG - zarobki 1.txt
voiceapp\output\summaries_folder\mistral-small_20241221_024011\CJG - zarobki 1-summary_3.txt,C:/Users/G/Documents/GitHub/audycje.com.pl/content/audio\shorts\CJG - zarobki 1.txt
voiceapp\output\summaries_folder\mistral-small_20241221_024011\CJG - zarobki 1-summary_4.txt,C:/Users/G/Documents/GitHub/audycje.com.pl/content/audio\shorts\CJG - zarobki 1.txt
voiceapp\output\summaries_folder\mistral-small_20241221_024011\CJG - zarobki 1-summary_5.txt,C:/Users/G/Documents/GitHub/audycje.com.pl/content/audio\shorts\CJG - zarobki 1.txt
voiceapp\output\summaries_folder\mistral-small_20241221_024011\CJG - zasoby strategiczne 1-summary_1.txt,C:/Users/G/Documents/GitHub/audycje.com.pl/content/audio\shorts\CJG - zasoby strategiczne 1.txt
voiceapp\output\summaries_folder\mistral-small_20241221_024011\CJG - zasoby strategiczne 1-summary_2.txt,C:/Users/G/Documents/GitHub/audycje.com.pl/content/audio\shorts\CJG - zasoby strategiczne 1.txt
voiceapp\output\summaries_folder\mistral-small_20241221_024011\CJG - zasoby strategiczne 1-summary_3.txt,C:/Users/G/Documents/GitHub/audycje.com.pl/content/audio\shorts\CJG - zasoby strategiczne 1.txt
voiceapp\output\summaries_folder\mistral-small_20241221_024011\CJG - zasoby strategiczne 1-summary_4.txt,C:/Users/G/Documents/GitHub/audycje.com.pl/content/audio\shorts\CJG - zasoby strategiczne 1.txt
voiceapp\output\summaries_folder\mistral-small_20241221_024011\CJG - zasoby strategiczne 1-summary_5.txt,C:/Users/G/Documents/GitHub/audycje.com.pl/content/audio\shorts\CJG - zasoby strategiczne 1.txt
voiceapp\output\summaries_folder\mistral-small_20241221_024011\CJG - zus 1-summary_1.txt,C:/Users/G/Documents/GitHub/audycje.com.pl/content/audio\shorts\CJG - zus 1.txt
voiceapp\output\summaries_folder\mistral-small_20241221_024011\CJG - zus 1-summary_2.txt,C:/Users/G/Documents/GitHub/audycje.com.pl/content/audio\shorts\CJG - zus 1.txt
voiceapp\output\summaries_folder\mistral-small_20241221_024011\CJG - zus 1-summary_3.txt,C:/Users/G/Documents/GitHub/audycje.com.pl/content/audio\shorts\CJG - zus 1.txt
voiceapp\output\summaries_folder\mistral-small_20241221_024011\CJG - zus 1-summary_4.txt,C:/Users/G/Documents/GitHub/audycje.com.pl/content/audio\shorts\CJG - zus 1.txt
voiceapp\output\summaries_folder\mistral-small_20241221_024011\CJG - zus 1-summary_5.txt,C:/Users/G/Documents/GitHub/audycje.com.pl/content/audio\shorts\CJG - zus 1.txt
