reference_path,summary_content,tags
CJG_01_2023_01_14.mp3,"---

**Key Themes:**
The text revolves around several key themes:
1. **Limited Knowledge**: The speaker emphasizes that people often do not know crucial things that can fundamentally alter their worldview.
2. **Political and Economic Insights**: The speaker highlights how his professional life in business, finance, and politics has significantly changed his perspective on political decisions and economic knowledge.
3. **Money as a Path to Truth**: There is an emphasis on the old Latin saying that following money can lead one to the truth.
4. **Reflection and Learning**: The speaker reflects on the lessons learned from interactions with highly positioned individuals, expressing that this experience has made him wiser.
5. **Hidden Matters**: The text suggests discussing topics that are often misunderstood or hidden from public view.

**Impacts:**
- **Economic**: The text implies a critical view of economic knowledge and decisions, suggesting that the truth may be hidden behind financial transactions.
- **Technological**: There is no direct mention of technology, but the indirect implication could be on transparency tools in finance and politics.
- **Political**: The speakerâ€™s experiences with influential figures have altered his views on political decisions, suggesting a deeper understanding of political dynamics.
- **Social**: The discussion hints at a broader social impact where people's perceptions are shaped by hidden knowledge and the truth revealed through financial insights.

**Examples and Evidence:**
The text draws connections to real-world examples such as:
- The speakerâ€™s personal experiences with highly positioned individuals in politics.
- The old Latin saying about following money for truth, indicating a long-standing wisdom in understanding power dynamics.
- Mentioning Bitcoin and real estate (apartments) suggests tangible assets that people often consider for gains and losses.

**Opportunities and Risks:**
- **Opportunities**: The text presents opportunities for listeners to gain deeper insights into political and economic matters, potentially leading to more informed decision-making.
- **Risks**: It highlights risks associated with limited knowledge and the potential manipulation of information by those in power.

**Conclusion:**
The implications of the text suggest that there is a need for greater transparency and understanding of the underlying financial and political dynamics that shape our world. The speaker encourages listeners to seek out hidden truths, particularly through financial insights, to gain a more accurate perspective on the world around them. Future considerations could involve encouraging open dialogue about complex topics and promoting education in finance and politics to empower individuals with better knowledge and understanding.

---","['Sheep', 'War', 'bitcoin', 'Politics', 'experts', 'Cryptocurrency', 'EuropeanUnion', 'radio', 'podcast', 'regulations', 'Corporations', 'Market', 'Pandemic', 'vaccines', 'politics', 'economics', 'Corruption', 'prediction', 'interview', 'Economics', 'Ukraine', 'Economics', 'europe', 'Economy', 'prohibitions', 'Business', 'Media', 'Ukraine', 'market', 'economy', 'Pandemic', 'speculation', 'Prediction', 'market', 'Market', 'Politics', 'corruption', 'Finance', 'corruption', 'money', 'Economy', 'Threat', 'crisis', 'Crisis', 'governance', 'Money', 'War', 'Power', 'Economy', 'Aggression', 'politics', 'Politics', 'Covid19', 'Money', 'USA', 'Money', 'contracts', 'money', 'eu', 'China', 'Economy', 'abuse', 'EU', 'promotion', 'absurdist', 'Finance', 'access', 'FinancialLinks', 'accounts']"
CJG_02_2023_01_21.mp3,"**1. Key Themes**
   - The text discusses the current state of the cinema industry, highlighting significant losses incurred by major studios and the impact of big-budget productions on audience expectations and satisfaction.
   - It also touches upon the manipulation of public opinion by powerful companies, which can lead to a disconnect between perceived success and actual reception by viewers and independent experts.
   - The text explores the broader implications of these trends on mass culture and the economy.

**2. Impacts**
   - **Economic**: Major studios are facing significant losses from big-budget productions, leading to a potential decline in market value and investment opportunities.
   - **Technological**: The text does not directly address technological impacts, but it implies that advancements in production quality do not necessarily translate into better audience reception.
   - **Political**: There is no direct political impact discussed, though the manipulation of public opinion by powerful entities can have broader societal consequences.
   - **Social**: The text highlights a growing disconnect between the corporate narrative and the views of ordinary viewers and independent experts, which can erode trust in mainstream media and cultural institutions.

**3. Examples and Evidence**
   - The example of ""Rings of Power"" from Tolkien's world illustrates how a highly anticipated and expensive production can fail to meet audience expectations despite being marketed as successful.
   - The series based on Sapkowski's Witcher universe is another case where corporate interference led to a poor reception by fans, who saw it as mocking the original work.

**4. Opportunities and Risks**
   - **Opportunities**: There is an opportunity for independent creators and smaller studios to gain traction if they focus on quality and authenticity rather than massive budgets.
   - **Risks**: The current trend could lead to a further decline in the cinema industry, affecting jobs and economic stability. It also risks eroding public trust in media and cultural institutions due to perceived manipulation.

**5. Conclusion**
   - The text suggests that the cinema industry is at a crossroads where the focus on massive budgets and corporate narratives may not align with audience expectations and values.
   - Future considerations should prioritize authenticity, genuine storytelling, and respect for viewers' intelligence to restore trust and ensure the longevity of the industry.","['tesla', 'Tesla', 'China', 'Cinema', 'Finance', 'radio', 'cinema', 'Crisis', 'Culture', 'products', 'cars', 'China', 'Cinema', 'Books', 'Crisis', 'Movies', 'Market', 'Wealth', 'economics', 'success', 'Economics', 'investors', 'Crisis', 'Debt', 'Companies', 'Economy', 'absurdity', 'money', 'World', 'market', 'Entertainment', 'Deficit', 'accounts', 'Economy', 'Failure', 'Economy', 'TradeWar', 'media', 'USA', 'Markets', 'economics', 'actors', 'Absurdity', 'Money', 'advertising', 'corruption', 'china', 'www', 'Losses', 'threats', 'Culture', 'absurdist', 'adaptation""', '""abuse', 'Amazon']"
CJG_03_2023_01_28.mp3,"### Key Themes

The text discusses several interconnected themes:
1. **Film Industry Standards**: The comparison between previous films by Peter Jackson and the new adaptation of ""The Ring of Power"" highlights disparities in critical reception and audience satisfaction.
2. **Diversity and Inclusion**: The presence of black actors, homosexuals, and transhuman characters in fantasy movies is explored, with a focus on how these inclusions are perceived by audiences.
3. **Ideological Influences**: The impact of political and ideological agendas on the selection of cast and crew, reminiscent of historical practices like the appointment of political commissars.
4. **Audience Backlash**: The frustration and rebellion of fans due to perceived forced diversity and poor quality content driven by ideological motivations rather than artistic merit.

### Impacts

The broader impacts of these themes include:
1. **Economic**: Financial investments in films are at risk when audience reception is poor, as seen with ""The Ring of Power"" where viewership had to be incentivized.
2. **Technological**: No direct technological impact is mentioned, but the discussion could influence future content creation practices and platforms' strategies for audience engagement.
3. **Political**: The text hints at a politicization of the film industry, with certain ideologies influencing casting decisions, which can polarize audiences.
4. **Social**: The inclusion of diverse characters should foster social acceptance but can backfire if not handled authentically, leading to accusations of tokenism and poor representation.

### Examples and Evidence

Real-world examples include:
1. **Critical Reception Disparity**: The stark difference in ratings between Jackson's previous films (91% critic, 95% viewer) and ""The Ring of Power"" (38% viewer, 85% critic).
2. **Viewership Incentives**: Amazon paying viewers to watch due to poor initial reception indicates a failure in engaging audiences organically.
3. **Historical Parallels**: The comparison with political commissars highlights how ideological conformity can supersede artistic merit.
4. **Audience Rebellion**: Fans rebelling against perceived propaganda and low-quality content due to ideologically driven casting choices.

### Opportunities and Risks

Opportunities:
1. **Inclusive Storytelling**: Authentic inclusion of diverse characters can enrich stories and broaden audience appeal.
2. **Audience Engagement**: Better understanding and addressing audience expectations can lead to more successful productions.

Risks:
1. **Ideological Backlash**: Forced diversity and ideological conformity risk alienating audiences and leading to backlash.
2. **Financial Losses**: Poorly received films can result in significant financial losses, as seen with ""The Ring of Power.""
3. **Creative Constraints**: Prioritizing ideology over artistic merit may stifle creativity and limit the potential of productions.

### Conclusion

The implications suggest a need for balance between diversity and authentic storytelling. Producers should focus on selecting cast and crew based on talent rather than ideological fit. Future considerations should include better audience research to understand what viewers expect from inclusive content, thereby avoiding potential backlash and ensuring financial viability. Achieving this balance will likely result in more successful productions that authentically represent diverse experiences while maintaining high artistic standards.","['radio', '""actors', 'World', 'World', 'world', 'EndOfWorld', 'endoftheworld', 'woke', 'filmindustry', 'Movie', 'actors', 'critics', 'ideologies', 'End', 'Film', '""amazon', 'cinema', '""tvseries""', 'Economics', 'Ideology', 'filmindustry', 'woke', 'Propaganda', 'oppression', 'Money', 'ideology', 'BoxOffice', 'Film', 'Politics', 'apocalypse', 'apocalypse', 'propaganda', '""productioncosts""', 'economy', 'Apocalypse', 'Apocalypse', 'Power', 'War', 'Economy', 'hollywood', 'cinema', 'politics', '""amazon""', 'Rating', 'views""', 'directors', 'failure', 'movies', 'financialresults', 'Culture', 'Crisis', 'Doomsday', 'Crisis', 'earnings', 'culture', 'media', 'ideology', 'region', 'ideology', 'advertising', 'money', 'entertainment', 'investors', 'absurdity', 'Amazon', 'diversity', 'Economy', 'culture', 'Aging', 'Fantasy', 'Money', 'Economy', 'Market', 'implementation', 'Economics', 'absurdity', 'amazon', 'funding""', 'Money', 'Culture', 'Amazon']"
CJG_04_2023_02_04.mp3,"### Key Themes
The text discusses several key themes:

1. **Influence of Giants**: The power of large corporations (giants) to influence politicians, rulers, and officials, shaping regulations in their favor.
2. **Credit and Economic Faith**: The link between taking long-term loans and faith in the future's economic stability.
3. **Lack of Financial Wisdom**: People's tendency to make poor financial decisions due to a lack of economic knowledge and prudence.
4. **Responsibility of Banks**: How banks' lending policies can affect peopleâ€™s ability to take loans, reflecting the financial climate rather than individual wisdom.
5. **Social Audition for Wisdom**: The need for greater societal wisdom and better decision-making.

### Impacts
The broader impacts discussed in the text encompass various dimensions:

1. **Economic**: The economic impact revolves around credit availability, financial stability, and future economic faith. People's willingness to take loans reflects their belief in the economy's future prospects.
2. **Social**: There is a clear social impact highlighted by the lack of financial wisdom among individuals. This lack of knowledge leads to poor financial decisions and reliance on external factors like banks' lending policies.
3. **Political**: The influence of corporate giants over politicians shapes regulations, leading to an unequal playing field in economic policy-making.
4. **Technological**: While not explicitly stated, the influence of corporate giants may indirectly affect technological advancements and their regulation.

### Examples and Evidence
1. **Corporate Influence**: Real-world examples include large corporations lobbying for favorable regulations, influencing policy to maintain their dominant positions.
2. **Credit Availability**: Banks' willingness to offer preferential loans can drastically affect consumer behavior. When banks tighten lending policies, it restricts peopleâ€™s access to credit regardless of their individual wisdom or financial literacy.
3. **Lack of Financial Literacy**: The analogy of an alcoholic not buying vodka due to lack of availability rather than personal growth underscores the point that people's financial behavior is influenced by external factors, not just internal knowledge.

### Opportunities and Risks
1. **Opportunities**:
   - **Education and Awareness Campaigns**: Increasing public awareness and providing education on financial literacy can empower individuals to make better decisions.
   - **Policy Reforms**: Addressing the undue influence of corporate giants on policy-making to create a more equitable economic environment.
2. **Risks**:
   - **Economic Downturns**: If people lose faith in the future due to limited credit availability, it can contribute to an economic downturn.
   - **Social Unrest**: A lack of financial wisdom and access to credit can lead to social unrest if people feel disenfranchised by the system.

### Conclusion
The text suggests that individuals' financial decisions are heavily influenced by external factors such as banks' lending policies and regulatory environments shaped by corporate influence. To promote a wiser society, it is crucial to increase public education on economic matters and implement policy reforms that reduce corporate control over regulations. This approach can help foster greater resilience and better decision-making capabilities among individuals in the face of economic uncertainty. Future considerations should include advocating for policies that ensure equitable access to credit and limiting undue corporate influence, thereby enhancing societal wisdom and financial stability.","['Economy', 'Inflation', 'Economy', 'Debt', 'Housing', 'Debt', '""Market', 'astronomy', 'realestate', 'Economy', 'Market', '""Market""', 'debt', 'taxes', 'Corruption', 'economics', 'RealEstateMarket', 'Ukraine', 'realestate', 'economics', 'banks', 'WealthDisparity', 'corporations""', 'Market', 'Regulations', 'Economy', 'wisdom', 'realestate', 'realestate', 'Deficit', 'Market', 'politics', 'markets""', 'faith', 'Lobbying', 'Market', 'economy', 'Market', 'refugees', 'space', 'education', '""apartments', 'money', 'realestate', 'politics', 'money', 'corruption', 'corruption', 'China', 'Money', '""Housing""', 'Business', 'Economics', 'Money', '""Crisis""', 'Bank', 'Advertising', 'alcoholism', 'Economy', 'politics', 'Government""', 'crisis', 'Money', 'housing', 'credit', 'Poland', 'economy', 'Faith', 'accounts', '""ai', 'money', 'Money']"
CJG_05_2023_02_11.mp3,"---

### Key Themes:
1. **Economic Regulation**: The text discusses the use of indicators such as minimum wage and maximum price, which suggest regulatory measures in the economy.
2. **Market Dysfunctionality**: There is a concern that healthy market rules are not functioning properly, indicating issues with the free market economy.
3. **Energy Prices**: The conversation highlights the absurdity of current energy prices and their disconnect from economic reality.
4. **Political Decisions and Sanctions**: The text critically evaluates political decisions and sanctions against Russia, questioning their effectiveness and impact on the economy.
5. **Socio-Economic Impact**: There is a focus on the socio-economic consequences of these policies, including bankruptcies, job losses, and the struggle of ordinary citizens to afford basic necessities like coal.

### Impacts:
1. **Economic Dimension**: The imposition of regulations and sanctions has led to economic instability, with soaring energy prices and mass company bankruptcies.
2. **Technological Dimension**: No direct technological impacts are discussed, but indirectly, the energy crisis may impact technological sectors dependent on affordable energy.
3. **Political Dimension**: Political decisions regarding sanctions and energy policies are being criticized for their lack of effectiveness and for causing economic hardship.
4. **Social Dimension**: Ordinary citizens are facing severe financial strain due to the high cost of living, with significant impacts on employment and quality of life.

### Examples and Evidence:
- **Regulations**: The mention of minimum wage and maximum price regulations indicates attempts at controlling prices.
- **Energy Prices**: The specific example of coal prices increasing tenfold demonstrates the economic burden on citizens.
- **Sanctions**: Criticism focuses on financial sanctions not working as intended, with transactions still happening through unsanctioned banks and countries like China.
- **Socio-Economic Impact**: Real-world examples include a cleaning lady unable to afford coal despite years of honest work, reflecting the broader socio-economic distress.

### Opportunities and Risks:
1. **Opportunities**:
   - There is an opportunity for economic reforms that could lead to more effective policies and better market regulation.
2. **Risks**:
   - High energy prices may continue to strain the economy, leading to further bankruptcies and job losses.
   - Ineffective political decisions could exacerbate social unrest and economic inequality.
   - The continued closure of coal mines risks long-term energy security.

### Conclusion:
The conversation reveals a critical assessment of current economic policies, highlighting the need for more effective market regulation and political decision-making. It underscores the real-world impacts on ordinary citizens and calls for a reevaluation of strategies to mitigate the economic crisis.

---","['EnergyMarket', 'Sanctions', 'Poland', 'Business', 'Europe', 'SmallBusinesses', 'economy', 'Entrepreneurs', 'entrepreneurs', 'Energy', 'Market', 'State', 'Entrepreneurship', 'regulation', 'Radio', 'CoalShortage', 'russia', 'Poland', 'Competition', 'market', 'Economy', '""Market""', 'Economics', 'Energy', 'sanctions', 'economics', 'Economy', '""Economy""', 'taxes', 'Russia', 'Business', 'regulations""', 'Market', 'Europe', 'market', 'Money', 'Economy', 'poles', 'War', '""Crisis""', 'Energy', 'regulation', 'Money', 'Business', 'business', 'anti-corruption', 'taxes', '""assistance', 'Money', 'politics', 'resources', 'Finance', 'state', 'Economy', 'Energy', 'Market', 'Crisis', 'politics', 'Income', 'Crisis', 'Crisis', 'Economics', 'Europe', 'Indicators', 'Economics', 'media', 'Business', 'market', 'energy', 'market', 'Debt', 'Weapons', 'Absurdity', 'abuse', 'Culture', 'Politics', 'Energy', 'business', 'government', 'budget', 'police', 'Crisis', 'access', 'money', 'Money', 'Rules', 'Money', 'Covid19', 'HeatPumps', 'Support']"
CJG_06_2023_02_18.mp3,"**Key Themes:**

1. **Economic Development**: The text discusses the factors that contribute to economic development, with a focus on cheap energy as a key element.
2. **Environmental Pollution**: It highlights concerns about air pollution caused by fossil fuels and illegal waste imports from Europe.
3. **Health Impacts**: The health consequences of high concentrations of suspended dust are emphasized, including an estimated 50,000 deaths per year in Poland.
4. **Economic Policy and Decision-Making**: It critiques the ideological and moral reasons behind Poland's energy policies and their impact on the economy.

**Impacts:**

- **Economic**: The shift towards more expensive energy sources threatens economic stability, potentially leading to business collapses and increased poverty levels.
- **Technological**: High costs of energy may hinder technological advancements that rely on affordable power.
- **Political**: Decisions regarding energy policy can strain international relations, as seen in the critique of Poland's inconsistent stance with China.
- **Social**: Increased air pollution leads to significant health issues, exacerbating existing social problems and potentially causing mass suicides due to economic stress.

**Examples and Evidence:**

- The text mentions that around 50,000 people in Poland die each year from diseases caused by high concentrations of suspended dust.
- It notes that China is the world's largest polluter but continues to have significant business ties with Poland.
- The shift from PLN 300 to PLN 2,000 for coal illustrates the rapid increase in energy costs and its potential economic repercussions.

**Opportunities and Risks:**

- **Opportunities**: Investing in cleaner energy sources could mitigate health risks and improve environmental conditions while stabilizing the economy.
- **Risks**: Rapid increases in energy costs can lead to economic collapse, increased poverty, and social unrest, exacerbating existing health problems.

**Conclusion:**

The text underscores the urgent need for a balanced approach to economic development that considers both environmental and health impacts. The shift towards expensive energy sources poses significant risks, including economic instability and public health crises. Future considerations should focus on more consistent policies regarding international business ties and investments in cleaner energy solutions to mitigate these risks.","['airpollution', 'Pollution', 'coal', 'poland', 'coal', 'coal', 'Coal', 'communistChina', 'China', 'market', 'pandemic', 'Poland', 'Coal', 'depression', 'Russia', 'Coal', 'Sanctions', 'Sanctions', 'Ukraine', 'drama', 'coal', 'Putin', 'Ukraine', 'pollution', 'environment', 'Coal', 'economy', 'Death', 'Economy', 'genocide', 'Geopolitics', 'Poverty', 'resources', 'EnergyCrisis', 'war', 'Sanctions', 'Treaty', 'Economics', 'violence', 'Crisis', 'china', 'Ukraine', 'Energy', 'garbage', 'Economy', 'economics', 'Energy', 'Economy', 'aggression', 'advertising""', 'Market', 'Economy', 'Economics', 'Suicide""', '""Crisis', 'Energy', 'Trade', 'Economy', 'Inflation', 'Annexation', 'Aggression', 'Economy', 'Market', 'politics', 'Future', 'War', '""abandonment', 'resources', 'money', 'health', 'energy', 'energy', 'Energy', 'energy', 'Crisis', 'Weapons', 'politics', 'Russia', 'health', 'Sanctions', 'Money', 'Business', 'energy', 'Commitments', 'Politics', 'appearances', 'Market', 'EU', 'Idiocracy']"
